-- phpMyAdmin SQL Dump
-- version 4.7.7
-- https://www.phpmyadmin.net/
--
-- Servidor: localhost
-- Tiempo de generación: 22-06-2018 a las 00:25:27
-- Versión del servidor: 10.1.31-MariaDB
-- Versión de PHP: 7.0.26

SET SQL_MODE = "NO_AUTO_VALUE_ON_ZERO";
SET AUTOCOMMIT = 0;
START TRANSACTION;
SET time_zone = "+00:00";


/*!40101 SET @OLD_CHARACTER_SET_CLIENT=@@CHARACTER_SET_CLIENT */;
/*!40101 SET @OLD_CHARACTER_SET_RESULTS=@@CHARACTER_SET_RESULTS */;
/*!40101 SET @OLD_COLLATION_CONNECTION=@@COLLATION_CONNECTION */;
/*!40101 SET NAMES utf8mb4 */;

--
-- Base de datos: `id2869564_bomberos`
--

-- --------------------------------------------------------

--
-- Estructura de tabla para la tabla `migrations`
--

CREATE TABLE `migrations` (
  `migration` varchar(255) COLLATE utf8_unicode_ci NOT NULL,
  `batch` int(11) NOT NULL
) ENGINE=MyISAM DEFAULT CHARSET=utf8 COLLATE=utf8_unicode_ci;

--
-- Volcado de datos para la tabla `migrations`
--

INSERT INTO `migrations` (`migration`, `batch`) VALUES
('2014_10_12_000000_create_users_table', 1),
('2014_10_12_100000_create_password_resets_table', 1);

-- --------------------------------------------------------

--
-- Estructura de tabla para la tabla `password_resets`
--

CREATE TABLE `password_resets` (
  `email` varchar(255) COLLATE utf8_unicode_ci NOT NULL,
  `token` varchar(255) COLLATE utf8_unicode_ci NOT NULL,
  `created_at` timestamp NOT NULL DEFAULT CURRENT_TIMESTAMP ON UPDATE CURRENT_TIMESTAMP
) ENGINE=MyISAM DEFAULT CHARSET=utf8 COLLATE=utf8_unicode_ci;

--
-- Volcado de datos para la tabla `password_resets`
--

INSERT INTO `password_resets` (`email`, `token`, `created_at`) VALUES
('inedc4zedrickr@gmail.com', 'abdb85c2e955437a0943f3cfd903a93e177ce59304cf1aed0ae8328aec8cbc6a', '2017-08-06 18:29:07');

-- --------------------------------------------------------

--
-- Estructura de tabla para la tabla `recibo`
--

CREATE TABLE `recibo` (
  `idrecibo` int(11) NOT NULL,
  `idrubro` int(11) NOT NULL,
  `fecha_emision` date NOT NULL,
  `fecha` datetime NOT NULL,
  `recibidode` varchar(100) COLLATE utf8_spanish2_ci NOT NULL,
  `nit` int(11) DEFAULT NULL,
  `direccion` varchar(100) COLLATE utf8_spanish2_ci DEFAULT NULL,
  `cantidad` decimal(11,2) NOT NULL,
  `estado` varchar(10) COLLATE utf8_spanish2_ci NOT NULL,
  `ingresadopor` varchar(100) COLLATE utf8_spanish2_ci NOT NULL
) ENGINE=InnoDB DEFAULT CHARSET=utf8 COLLATE=utf8_spanish2_ci;

--
-- Volcado de datos para la tabla `recibo`
--

INSERT INTO `recibo` (`idrecibo`, `idrubro`, `fecha_emision`, `fecha`, `recibidode`, `nit`, `direccion`, `cantidad`, `estado`, `ingresadopor`) VALUES
(8582, 15, '2017-09-01', '2017-09-19 18:29:08', 'Iglesia Adventista del Séptimo Dia', 0, 'Panajachel', 152.35, 'VIGENTE', 'César Churunel'),
(8583, 23, '2017-09-01', '2017-09-19 18:31:19', 'ANULADO', 0, 'panajachel', 0.00, 'VIGENTE', 'César Churunel'),
(8584, 16, '2017-09-01', '2017-09-19 18:32:25', 'Moises Pérez', 0, 'Panajachel', 500.00, 'VIGENTE', 'César Churunel'),
(8585, 17, '2017-09-01', '2017-09-19 18:33:09', 'Liset Recinos', 0, 'Panajachel', 700.00, 'VIGENTE', 'César Churunel'),
(8586, 15, '2017-09-02', '2017-09-19 18:33:43', 'Nancy Mateo', 0, 'Panajachel', 50.00, 'VIGENTE', 'César Churunel'),
(8587, 18, '2017-09-02', '2017-09-19 18:34:54', 'Tropical Tours', 80273348, 'Ciudad', 25.00, 'VIGENTE', 'César Churunel'),
(8588, 18, '2017-09-02', '2017-09-19 18:36:16', 'Héctor Hernández', 7948646, 'Santa Lucia Utatlan', 25.00, 'VIGENTE', 'César Churunel'),
(8589, 18, '2017-09-02', '2017-09-19 18:37:23', 'Jaime Zuarec', 0, 'Ciudad', 25.00, 'VIGENTE', 'César Churunel'),
(8590, 18, '2017-09-03', '2017-09-19 18:38:07', 'Tropical Tours', 80273548, 'Ciudad', 25.00, 'VIGENTE', 'César Churunel'),
(8591, 18, '2017-09-03', '2017-09-19 18:38:50', 'Ezequiel Zapeta', 0, 'Panajachel', 25.00, 'VIGENTE', 'César Churunel'),
(8592, 18, '2017-09-03', '2017-09-19 18:39:36', 'Estuardo Cordova', 19841523, 'Panajachel', 25.00, 'VIGENTE', 'César Churunel'),
(8593, 20, '2017-09-03', '2017-09-19 18:41:06', 'Gerard Brandin', 1941178, 'Calle 344 Monterey', 450.00, 'VIGENTE', 'César Churunel'),
(8594, 19, '2017-09-04', '2017-09-19 18:41:55', 'Pedro Cuc Chopen', 66276543, 'Sololá', 50.00, 'VIGENTE', 'César Churunel'),
(8595, 18, '2017-09-05', '2017-09-19 18:42:47', 'Carro', 0, 'Panajachel', 50.00, 'VIGENTE', 'César Churunel'),
(8596, 18, '2017-09-05', '2017-09-19 19:32:25', 'Carro Negro', 0, 'Panajachel', 50.00, 'VIGENTE', 'César Churunel'),
(8597, 21, '2017-08-29', '2017-09-19 18:43:43', 'Antonia Ticaxoy', 0, 'Santiago Atitlán', 30.00, 'VIGENTE', 'César Churunel'),
(8598, 21, '2017-09-05', '2017-09-19 18:45:03', 'Isabel Chicol', 0, 'Patzun', 100.00, 'VIGENTE', 'César Churunel'),
(8599, 21, '2017-09-05', '2017-09-19 18:45:45', 'Cristobalina Sipac', 0, 'Patzun', 50.00, 'VIGENTE', 'César Churunel'),
(8600, 21, '2017-09-05', '2017-09-19 18:46:28', 'Josefa Toc', 0, 'San Juan La Laguna', 60.00, 'VIGENTE', 'César Churunel'),
(8601, 21, '2017-09-05', '2017-09-19 18:50:08', 'Elena Batz Ajcalon', 0, 'Patzun', 100.00, 'VIGENTE', 'César Churunel'),
(8602, 21, '2017-09-05', '2017-09-19 18:50:50', 'Juana Ajcalon', 0, 'Patzun', 100.00, 'VIGENTE', 'César Churunel'),
(8603, 21, '2017-09-05', '2017-09-19 18:51:41', 'Maria Pol', 0, 'Panajachel', 175.00, 'VIGENTE', 'César Churunel'),
(8604, 21, '2017-09-05', '2017-09-19 18:52:31', 'Luis Enrique Muchan', 0, 'Chichicastenango', 100.00, 'VIGENTE', 'César Churunel'),
(8605, 21, '2017-09-05', '2017-09-19 18:53:18', 'Tomasa Calgua', 0, 'Chichicastenango', 175.00, 'VIGENTE', 'César Churunel'),
(8606, 21, '2017-09-05', '2017-09-19 18:53:59', 'Magdalena Macario', 0, 'Chichicastenango', 100.00, 'VIGENTE', 'César Churunel'),
(8607, 15, '2017-09-05', '2017-09-19 18:54:43', 'Ana Mercedes Chumil', 0, 'Santa Catarina Palopo', 100.00, 'VIGENTE', 'César Churunel'),
(8608, 21, '2017-09-05', '2017-09-19 18:55:25', 'Maria Gonzalez', 0, 'Balanya', 100.00, 'VIGENTE', 'César Churunel'),
(8609, 19, '2017-09-05', '2017-09-19 18:56:05', 'Flor del Paisaje', 0, 'Panajachel', 400.00, 'VIGENTE', 'César Churunel'),
(8610, 19, '2017-09-05', '2017-09-19 18:57:00', 'Transportes Rebuli', 0, 'Panajachel', 200.00, 'VIGENTE', 'César Churunel'),
(8611, 22, '2017-09-06', '2017-09-19 18:57:54', 'Tony Churunel', 0, 'Panajachel', 900.00, 'VIGENTE', 'César Churunel'),
(8612, 18, '2017-09-06', '2017-09-19 18:59:10', 'Mayor Servicios , S.A.', 5671868, 'Amatitlan , Guatemala', 35.00, 'VIGENTE', 'César Churunel'),
(8613, 18, '2017-09-07', '2017-09-19 19:00:12', 'Mayatlan, S.A.', 540238353, 'Ciudad', 25.00, 'VIGENTE', 'César Churunel'),
(8614, 18, '2017-09-07', '2017-09-19 19:00:58', 'Igor Blokker', 0, 'Ciudad', 40.00, 'VIGENTE', 'César Churunel'),
(8615, 15, '2017-09-07', '2017-09-19 19:01:46', 'Escuela Normal de Educación Fisica', 0, 'Quetzaltenango', 240.00, 'VIGENTE', 'César Churunel'),
(8616, 15, '2017-09-07', '2017-09-19 19:02:32', 'Iglesia Príncipe de Paz', 0, 'Panajachel', 200.00, 'VIGENTE', 'César Churunel'),
(8617, 23, '2017-09-07', '2017-09-19 19:34:48', 'ANULADO', 0, 'ANULADO', 0.00, 'VIGENTE', 'César Churunel'),
(8618, 18, '2017-09-07', '2017-09-19 19:35:55', 'Mayor Servicios , S.A.', 5671868, 'Amatitlan Guatemala', 25.00, 'VIGENTE', 'César Churunel'),
(8619, 20, '2017-09-08', '2017-09-19 19:05:09', 'Sandra Algua', 28385179, 'Panajachel', 600.00, 'VIGENTE', 'César Churunel'),
(8620, 18, '2017-09-08', '2017-09-19 19:05:54', 'Antonio Barrios', 0, 'Ciudad', 100.00, 'VIGENTE', 'César Churunel'),
(8621, 18, '2017-09-09', '2017-09-19 19:06:42', 'Servicios Turísticos Profesionales', 0, 'Ciudad', 25.00, 'VIGENTE', 'César Churunel'),
(8622, 20, '2017-09-09', '2017-09-19 19:07:22', 'Hotel Rosita', 0, 'Panajachel', 450.00, 'VIGENTE', 'César Churunel'),
(8623, 20, '2017-09-10', '2017-09-24 11:01:43', 'Pollo Campero, S. A.', 0, 'Ciudad', 450.00, 'VIGENTE', 'César Churunel'),
(8624, 18, '2017-09-10', '2017-09-24 11:02:32', 'Top Team', 0, 'Ciudad', 25.00, 'VIGENTE', 'César Churunel'),
(8625, 18, '2017-09-10', '2017-09-24 11:03:39', 'Igor Blokker', 40810712, 'Ciudad', 90.00, 'VIGENTE', 'César Churunel'),
(8626, 18, '2017-09-10', '2017-09-24 11:04:32', 'Geronimo Ajanel', 0, 'Panajachel', 25.00, 'VIGENTE', 'César Churunel'),
(8627, 20, '2017-09-11', '2017-09-24 11:05:35', 'Mayasersa, S. A.', 0, 'Panajachel', 400.00, 'VIGENTE', 'César Churunel'),
(8628, 18, '2017-09-11', '2017-09-19 19:12:13', 'Industria y Desarrollo Turistico', 325813, 'Panajachel', 25.00, 'VIGENTE', 'César Churunel'),
(8629, 20, '2017-09-13', '2017-09-19 19:38:13', 'Mayasersa, S.A.', 0, 'Panajachel', 1200.00, 'VIGENTE', 'César Churunel'),
(8630, 20, '2017-09-13', '2017-09-19 19:12:58', 'Lissette de Garcia', 0, 'Hotel Utz Jay', 450.00, 'VIGENTE', 'César Churunel'),
(8631, 18, '2017-09-14', '2017-09-19 19:13:35', 'José Menendez', 0, 'Ciudad', 25.00, 'VIGENTE', 'César Churunel'),
(8632, 15, '2017-09-14', '2017-09-19 19:14:19', 'Pollo Campero, S.A.', 0, 'Ciudad', 450.00, 'VIGENTE', 'César Churunel'),
(8633, 20, '2017-09-15', '2017-09-19 19:15:02', 'Hotel Utz Jay', 3839555, 'Panajachel', 450.00, 'VIGENTE', 'César Churunel'),
(8634, 15, '2017-09-14', '2017-09-19 19:15:39', 'Colegio Josue', 0, 'Panajachel', 200.00, 'VIGENTE', 'César Churunel'),
(8635, 23, '2017-09-14', '2017-09-19 19:16:24', 'ANULADO', 0, 'ANULADO', 0.00, 'VIGENTE', 'César Churunel'),
(8636, 18, '2017-09-14', '2017-09-19 19:17:32', 'Mauricio Rodriguez', 0, 'Ciudad', 75.00, 'VIGENTE', 'César Churunel'),
(8637, 18, '2017-09-15', '2017-09-19 19:18:23', 'Hector Hernandez', 0, 'Panajachel', 25.00, 'VIGENTE', 'César Churunel'),
(8638, 18, '2017-09-15', '2017-09-19 19:19:06', 'Jeremy Gramajo', 0, 'Ciudad', 150.00, 'VIGENTE', 'César Churunel'),
(8639, 20, '2017-09-15', '2017-09-19 19:19:53', 'Pollo Campero, S.A.', 904945, 'Ciudad', 450.00, 'VIGENTE', 'César Churunel'),
(8640, 20, '2017-09-15', '2017-09-19 19:20:29', 'Mayasersa', 0, 'Panajachel', 400.00, 'VIGENTE', 'César Churunel'),
(8641, 17, '2017-09-15', '2017-09-19 19:21:09', 'Elis Cruz', 0, 'Panajachel', 700.00, 'VIGENTE', 'César Churunel'),
(8642, 18, '2017-09-15', '2017-09-19 19:21:54', 'Nestor López', 64899799, 'Ciudad', 25.00, 'VIGENTE', 'César Churunel'),
(8643, 18, '2017-09-16', '2017-09-19 19:22:35', 'José Milan', 0, 'Ciudad', 50.00, 'VIGENTE', 'César Churunel'),
(8644, 18, '2017-09-16', '2017-09-19 19:23:21', 'Jorge Joaquin Hernández', 0, 'Ciudad', 30.00, 'VIGENTE', 'César Churunel'),
(8645, 18, '2017-09-16', '2017-09-19 19:23:57', 'Luis Palacios', 0, 'Sololá', 25.00, 'VIGENTE', 'César Churunel'),
(8646, 20, '2017-09-17', '2017-09-19 19:24:34', 'Hotel Dos Mundos', 0, 'Panajachel', 450.00, 'VIGENTE', 'César Churunel'),
(8647, 18, '2017-09-17', '2017-09-19 19:25:19', 'Mayatlan, S.A.', 54028353, 'Ciudad', 25.00, 'VIGENTE', 'César Churunel'),
(8648, 19, '2017-09-18', '2017-09-19 19:26:06', 'Julio César Garcia', 0, 'Ciudad', 100.00, 'VIGENTE', 'César Churunel'),
(8649, 19, '2017-09-19', '2017-09-19 19:26:42', 'Rosalio Ajcet', 0, 'Panajachel', 150.00, 'VIGENTE', 'César Churunel'),
(8650, 23, '2017-09-23', '2017-09-24 11:06:42', 'ANULADO', 0, 'ANULADO', 0.00, 'VIGENTE', 'César Churunel'),
(8651, 18, '2017-09-23', '2017-09-30 15:35:11', 'Marcela Castañeda', 88063437, 'Ciudad', 75.00, 'VIGENTE', 'César Churunel'),
(8652, 18, '2017-09-23', '2017-09-30 15:36:24', 'Julio Ángel Hernandez', 35372613, 'Ciudad', 25.00, 'VIGENTE', 'César Churunel'),
(8653, 15, '2017-09-24', '2017-09-30 15:37:51', 'Asociación Caminos de la Esperanza', 0, 'Panajachel', 100.00, 'VIGENTE', 'César Churunel'),
(8654, 15, '2017-09-25', '2017-09-30 15:38:53', 'Asociación Estrella de Mar', 68969139, 'Panajachel', 500.00, 'VIGENTE', 'César Churunel'),
(8655, 22, '2017-09-27', '2017-09-30 15:39:38', 'Mario Churunel Matzar', 0, 'Panajachel', 500.00, 'VIGENTE', 'César Churunel'),
(8656, 18, '2017-09-27', '2017-09-30 15:40:47', 'Industria y desarrollo Turistico, S.A.', 325813, 'Ciudad', 50.00, 'VIGENTE', 'César Churunel'),
(8657, 18, '2017-09-27', '2017-09-30 15:42:02', 'Izaias Santa', 0, 'Santa Lucia Cotzumalguapa', 25.00, 'VIGENTE', 'César Churunel'),
(8658, 18, '2017-09-29', '2017-09-30 15:42:46', 'Jonatan Arriaga', 0, 'Ciudad', 50.00, 'VIGENTE', 'César Churunel'),
(8659, 18, '2017-09-30', '2017-09-30 15:43:50', 'Marsams', 36066540, 'Ciudad', 60.00, 'VIGENTE', 'César Churunel'),
(8660, 18, '2017-10-01', '2017-10-11 21:19:53', 'Saturnino Escobar', 0, 'Ciudad', 30.00, 'VIGENTE', 'César Churunel'),
(8661, 18, '2017-10-02', '2017-10-11 21:21:02', 'Mayor Servicios S.A.', 5671868, 'Amatitlan, Guatemala', 30.00, 'VIGENTE', 'César Churunel'),
(8662, 19, '2017-10-03', '2017-10-11 21:22:12', 'Asociación Payasos', 44829043, 'Quetzaltenango', 100.00, 'VIGENTE', 'César Churunel'),
(8663, 18, '2017-10-04', '2017-10-11 21:23:13', 'Transportes Turisticos Alfa', 7818882, 'Ciudad', 30.00, 'VIGENTE', 'César Churunel'),
(8664, 18, '2017-10-04', '2017-10-11 21:24:02', 'Felipe Esteban', 0, 'Totonicapan', 25.00, 'VIGENTE', 'César Churunel'),
(8665, 18, '2017-10-04', '2017-10-11 21:24:56', 'Roselia Cap', 0, 'Ciudad', 30.00, 'VIGENTE', 'César Churunel'),
(8666, 18, '2017-10-05', '2017-10-11 21:54:51', 'Neys Viajes y Turismo', 3712478, 'Ciudad', 25.00, 'VIGENTE', 'César Churunel'),
(8667, 19, '2017-10-05', '2017-10-11 21:56:25', 'Transportes Flor del Paisaje', 0, 'Panajachel', 400.00, 'VIGENTE', 'César Churunel'),
(8668, 21, '2017-10-06', '2017-10-11 21:57:29', 'Rosa Matilde Mactzul', 0, 'Panajachel', 100.00, 'VIGENTE', 'César Churunel'),
(8669, 21, '2017-10-06', '2017-10-11 21:58:42', 'Josefa Toc', 0, 'Panajachel', 60.00, 'VIGENTE', 'César Churunel'),
(8670, 21, '2017-10-06', '2017-10-11 22:00:20', 'Elena Batz', 0, 'Panajachel', 100.00, 'VIGENTE', 'César Churunel'),
(8671, 21, '2017-10-06', '2017-10-11 22:01:27', 'Paula Ajcalon', 0, 'Panajachel', 100.00, 'VIGENTE', 'César Churunel'),
(8672, 21, '2017-10-06', '2017-10-11 22:02:12', 'Tomasa Calgua', 0, 'Panajachel', 175.00, 'VIGENTE', 'César Churunel'),
(8673, 21, '2017-10-06', '2017-10-11 22:03:14', 'Magdalena Makario', 0, 'Panajachel', 100.00, 'VIGENTE', 'César Churunel'),
(8674, 21, '2017-10-06', '2017-10-11 22:04:30', 'Cristobalina Sipac', 0, 'Panajachel', 50.00, 'VIGENTE', 'César Churunel'),
(8675, 21, '2017-10-06', '2017-10-11 22:05:38', 'Francisca Mejia Calgua', 0, 'Panajachel', 100.00, 'VIGENTE', 'César Churunel'),
(8676, 21, '2017-10-06', '2017-10-11 22:07:04', 'Juana Mejia Calgua', 0, 'Panajachel', 100.00, 'VIGENTE', 'César Churunel'),
(8677, 15, '2017-10-08', '2017-10-11 22:08:22', 'Virgilio Mucun', 0, 'Barrio Jucanya', 100.00, 'VIGENTE', 'César Churunel'),
(8678, 18, '2017-10-08', '2017-10-11 22:09:19', 'Gerardo Vinicio Letona', 0, 'Panajachel', 75.00, 'VIGENTE', 'César Churunel'),
(8679, 22, '2017-10-09', '2017-10-11 22:10:14', 'Osman Churunel', 0, 'Panajachel', 450.00, 'VIGENTE', 'César Churunel'),
(8680, 21, '2017-10-10', '2017-10-11 22:11:37', 'Ana Mercedes Chumil', 0, 'Panajachel', 100.00, 'VIGENTE', 'César Churunel'),
(8681, 21, '2017-10-10', '2017-10-11 22:12:17', 'Isabel Chicol', 0, 'Panajachel', 100.00, 'VIGENTE', 'César Churunel'),
(8682, 21, '2017-10-10', '2017-10-11 22:13:01', 'Maria Pol', 0, 'Panajachel', 175.00, 'VIGENTE', 'César Churunel'),
(8683, 21, '2017-10-10', '2017-10-11 22:13:52', 'Luis Enrique Mochan', 0, 'Panajachel', 100.00, 'VIGENTE', 'César Churunel'),
(8684, 19, '2017-10-10', '2017-10-11 22:14:40', 'Jose Luis', 0, 'Panajachel', 150.00, 'VIGENTE', 'César Churunel'),
(8685, 18, '2017-10-11', '2017-10-11 22:15:47', 'Neys Viajes y Turismo', 3712478, 'Ciudad', 25.00, 'VIGENTE', 'César Churunel'),
(8686, 19, '2017-10-11', '2017-10-11 22:16:29', 'Transportes Rebuli', 0, 'Panajachel', 200.00, 'VIGENTE', 'César Churunel'),
(8687, 18, '2017-10-12', '2017-10-27 18:10:32', 'Contracasa', 4903072, 'Ciudad', 30.00, 'VIGENTE', 'César Churunel'),
(8688, 18, '2017-10-12', '2017-10-27 18:11:15', 'Contracasa', 4903072, 'Ciudad', 30.00, 'VIGENTE', 'César Churunel'),
(8689, 18, '2017-10-12', '2017-10-27 18:12:14', 'Olmeca, S.A.', 214558, 'Salcaja', 20.00, 'VIGENTE', 'César Churunel'),
(8690, 18, '2017-10-13', '2017-10-27 18:13:00', 'Maynor Vásquez', 0, 'Ciudad', 50.00, 'VIGENTE', 'César Churunel'),
(8691, 16, '2017-10-13', '2017-10-27 18:13:47', 'Muriel Choguaj', 0, 'Panajachel', 300.00, 'VIGENTE', 'César Churunel'),
(8692, 18, '2017-10-14', '2017-10-27 18:14:35', 'Daniel Garcia', 18262023, 'Ciudad', 25.00, 'VIGENTE', 'César Churunel'),
(8693, 18, '2017-10-14', '2017-10-27 18:15:17', 'Ricardo Posadas', 0, 'Ciudad', 50.00, 'VIGENTE', 'César Churunel'),
(8694, 18, '2017-10-14', '2017-10-27 18:16:03', 'Celeste Ramos', 30241707, 'Ciudad', 25.00, 'VIGENTE', 'César Churunel'),
(8695, 24, '2017-10-14', '2017-10-27 18:16:54', 'Raquel Andrade', 0, 'Panajachel', 550.00, 'VIGENTE', 'César Churunel'),
(8696, 18, '2017-10-15', '2017-10-27 18:17:45', 'Gerardo Letona', 0, 'Ciudad', 75.00, 'VIGENTE', 'César Churunel'),
(8697, 18, '2017-10-15', '2017-10-27 18:18:32', 'Daniel Garcia', 0, 'Ciudad', 25.00, 'VIGENTE', 'César Churunel'),
(8698, 18, '2017-10-15', '2017-10-27 18:19:56', 'Guillermo Juarez', 0, 'Ciudad', 50.00, 'VIGENTE', 'César Churunel'),
(8699, 21, '2017-10-17', '2017-10-27 18:21:00', 'Maria Gonzalez', 0, 'Patzicia', 100.00, 'VIGENTE', 'César Churunel'),
(8700, 18, '2017-10-17', '2017-10-27 18:21:45', 'Carlos Giron', 0, 'San Salvador', 25.00, 'VIGENTE', 'César Churunel'),
(8701, 18, '2017-10-17', '2017-10-27 18:23:27', 'Transportes y Servicios Maya, S.A.', 322636, 'Via 3 6-69 Zona 4 ,   Guatemala', 40.00, 'VIGENTE', 'César Churunel'),
(8702, 17, '2017-10-18', '2017-10-27 18:24:43', 'Juan Samoe', 0, 'Barrio Jucanya, Panajachel', 500.00, 'VIGENTE', 'César Churunel'),
(8703, 19, '2017-10-19', '2017-10-27 18:25:32', 'Rosalio Ajtzep', 0, 'Panajachel', 150.00, 'VIGENTE', 'César Churunel'),
(8704, 19, '2017-10-19', '2017-10-27 18:26:24', 'Distribuidora Los Altos, S.A.', 3644421, 'Ciudad', 400.00, 'ANULADO', 'César Churunel'),
(8705, 18, '2017-10-19', '2017-10-27 18:27:04', 'Marsans', 36066540, 'Ciudad', 50.00, 'VIGENTE', 'César Churunel'),
(8706, 23, '2017-10-20', '2017-10-27 18:28:01', '0', 0, '0', 0.00, 'VIGENTE', 'César Churunel'),
(8707, 18, '2017-10-20', '2017-10-27 18:28:42', 'Dani Lo', 0, 'Panajachel', 25.00, 'VIGENTE', 'César Churunel'),
(8708, 18, '2017-10-20', '2017-10-27 18:29:21', 'Enrique Diaz', 0, 'Panajachel', 25.00, 'VIGENTE', 'César Churunel'),
(8709, 18, '2017-10-21', '2017-10-27 18:30:21', 'Industria y Desarrollo Turistico', 325813, 'Ciudad', 25.00, 'VIGENTE', 'César Churunel'),
(8710, 18, '2017-10-21', '2017-10-27 18:31:15', 'Isais Sicajau', 0, 'Panajachel, Sololá', 50.00, 'VIGENTE', 'César Churunel'),
(8711, 20, '2017-10-22', '2017-10-27 18:32:08', 'Hotel Rancho Grande', 12389625, 'Panajachel', 450.00, 'VIGENTE', 'César Churunel'),
(8712, 23, '2017-10-23', '2017-10-27 18:32:42', '0', 0, '0', 0.00, 'VIGENTE', 'César Churunel'),
(8713, 18, '2017-10-23', '2017-10-27 18:33:38', 'Servicios Turisticos Profesionales', 6694969, 'Ciudad', 50.00, 'VIGENTE', 'César Churunel'),
(8714, 15, '2017-10-24', '2017-10-27 18:34:30', 'Antonia Ticaxoy', 0, 'Santiago Atitlán', 30.00, 'VIGENTE', 'César Churunel'),
(8715, 18, '2017-10-24', '2017-10-27 18:35:14', 'Servicios Turisticos Profesionales', 6694969, 'Ciudad', 50.00, 'VIGENTE', 'César Churunel'),
(8716, 15, '2017-10-24', '2017-10-27 18:36:32', 'Elias Cruz Tzajan', 0, 'Panajachel', 11000.00, 'VIGENTE', 'César Churunel'),
(8717, 21, '2017-10-25', '2017-10-27 18:37:25', 'Alberto Bixcul', 0, 'Panajachel', 100.00, 'VIGENTE', 'César Churunel'),
(8718, 21, '2017-10-25', '2017-10-27 18:38:07', 'Leonzo Gonzales', 0, 'Panajachel', 100.00, 'VIGENTE', 'César Churunel'),
(8719, 21, '2017-10-25', '2017-10-27 18:39:01', 'Roberto Guarcas', 2776153, 'Panajachel', 100.00, 'VIGENTE', 'César Churunel'),
(8720, 21, '2017-10-25', '2017-10-27 18:41:23', 'Diego Larios', 4018211, 'Panajachel', 150.00, 'VIGENTE', 'César Churunel'),
(8721, 21, '2017-10-25', '2017-10-27 18:42:01', 'Micaela Cortez', 0, 'Panajachel', 100.00, 'VIGENTE', 'César Churunel'),
(8722, 21, '2017-10-25', '2017-10-27 18:42:56', 'Pascual Iboy', 0, 'Panajachel', 200.00, 'VIGENTE', 'César Churunel'),
(8723, 21, '2017-10-25', '2017-10-29 10:08:25', 'Rafaela Canil', 0, 'Panajachel', 50.00, 'VIGENTE', 'César Churunel'),
(8724, 21, '2017-10-25', '2017-10-29 10:09:10', 'Sebastian Xiloj Zuy', 0, 'Panajachel', 100.00, 'VIGENTE', 'César Churunel'),
(8725, 21, '2017-10-25', '2017-10-29 10:09:53', 'Francisco Coche', 0, 'Panajachel', 100.00, 'VIGENTE', 'César Churunel'),
(8726, 21, '2017-10-25', '2017-10-29 10:10:38', 'Gladis Isabel Tol Tecun', 0, 'Panajachel', 50.00, 'VIGENTE', 'César Churunel'),
(8727, 21, '2017-10-25', '2017-10-29 10:11:20', 'Juan Santos Yaxon', 0, 'Panajachel', 300.00, 'VIGENTE', 'César Churunel'),
(8728, 21, '2017-10-25', '2017-10-29 10:11:58', 'Pascuala Pérez', 0, 'Panajachel', 200.00, 'VIGENTE', 'César Churunel'),
(8729, 21, '2017-10-25', '2017-10-29 10:12:39', 'David Mijangos', 0, 'Panajachel', 200.00, 'VIGENTE', 'César Churunel'),
(8730, 21, '2017-10-25', '2017-10-29 10:13:27', 'Rigoberto Ixchop', 0, 'Panajachel', 200.00, 'VIGENTE', 'César Churunel'),
(8731, 21, '2017-10-25', '2017-10-29 10:14:09', 'Micaela Coche Coj', 0, 'Panajachel', 300.00, 'VIGENTE', 'César Churunel'),
(8732, 18, '2017-10-26', '2017-10-29 10:14:55', 'Romeo Guzman', 0, 'Quetzaltenango', 25.00, 'VIGENTE', 'César Churunel'),
(8733, 18, '2017-10-26', '2017-10-29 10:15:39', 'Transportes Rebuli', 0, 'Panajachel', 20.00, 'VIGENTE', 'César Churunel'),
(8734, 18, '2017-10-26', '2017-10-29 10:16:35', 'Neys Viajes y Turismo', 3712478, 'Ciudad', 25.00, 'VIGENTE', 'César Churunel'),
(8735, 23, '2017-10-27', '2017-10-29 10:17:51', '0', 0, '0', 0.00, 'VIGENTE', 'César Churunel'),
(8736, 23, '2017-10-27', '2017-10-29 10:18:36', '0', 0, '0', 0.00, 'VIGENTE', 'César Churunel'),
(8737, 19, '2017-10-27', '2017-10-29 10:19:38', 'Distribuidora Los Altos S. A.', 3644421, 'Ciudad', 400.00, 'VIGENTE', 'César Churunel'),
(8738, 18, '2017-10-27', '2017-10-29 10:44:50', 'Transportes y Servicios Maya , S.A.', 522636, 'Via 36-69 Zona4, Guatemala', 10.00, 'VIGENTE', 'César Churunel'),
(8739, 23, '2017-10-27', '2017-10-29 10:45:36', '0', 0, '0', 0.00, 'VIGENTE', 'César Churunel'),
(8740, 23, '2017-10-27', '2017-10-29 10:46:05', '0', 0, '0', 0.00, 'VIGENTE', 'César Churunel'),
(8741, 18, '2017-10-27', '2017-10-29 10:47:07', 'Neys Viajes y Turismo, S.A.', 3712478, 'Ciudad', 25.00, 'VIGENTE', 'César Churunel'),
(8742, 23, '2017-10-27', '2017-10-29 10:47:44', '0', 0, '0', 0.00, 'VIGENTE', 'César Churunel'),
(8743, 18, '2017-10-27', '2017-10-29 11:20:48', 'Servicios Turisticos', 0, 'Ciudad', 150.00, 'VIGENTE', 'César Churunel'),
(8744, 15, '2017-10-27', '2017-10-29 11:22:21', 'David Ambler', 0, 'Panajachel', 100.00, 'VIGENTE', 'César Churunel'),
(8745, 15, '2017-10-27', '2017-10-29 11:22:54', 'David Ambler', 0, 'Panajachel', 50.00, 'VIGENTE', 'César Churunel'),
(8746, 18, '2017-10-28', '2017-10-29 11:23:46', 'Carro color negro P609GPS', 0, 'Panajachel', 25.00, 'VIGENTE', 'César Churunel'),
(8747, 15, '2017-10-28', '2017-10-29 11:24:51', 'Luna de Oro', 0, 'Panajachel', 1000.00, 'VIGENTE', 'César Churunel'),
(8749, 18, '2017-10-28', '2017-10-29 11:25:34', 'Neys Viajes y Turismo', 3712478, 'Ciudad', 25.00, 'VIGENTE', 'César Churunel'),
(8750, 18, '2017-10-28', '2017-10-29 11:26:56', 'Sergio Saloj', 0, 'Ciudad', 25.00, 'VIGENTE', 'César Churunel'),
(8751, 15, '2017-10-29', '2017-12-02 17:19:23', 'Camnos de Esperanza', 0, 'Panajachel', 100.00, 'VIGENTE', 'César Churunel'),
(8752, 15, '2017-10-29', '2017-12-02 17:20:21', 'Caminos de Esperanza', 0, 'Panajachel', 20.00, 'VIGENTE', 'César Churunel'),
(8753, 15, '2017-10-29', '2017-12-02 17:21:02', 'Antonio Mateos', 0, 'Panajachel', 200.00, 'VIGENTE', 'César Churunel'),
(8754, 15, '2017-10-29', '2017-12-02 17:21:54', 'William Cotcojay', 0, 'Panajachel', 20.00, 'VIGENTE', 'César Churunel'),
(8755, 15, '2017-10-29', '2017-12-02 17:22:33', 'Benjamin Velasquez', 0, 'Panajachel', 20.00, 'VIGENTE', 'César Churunel'),
(8756, 15, '2017-10-31', '2017-12-02 17:23:17', 'Estuardo Cordova', 0, 'Panajachel', 25.00, 'VIGENTE', 'César Churunel'),
(8757, 15, '2017-11-01', '2017-12-02 17:23:54', 'Pick Up Rojo', 0, 'Panajachel', 25.00, 'VIGENTE', 'César Churunel'),
(8758, 23, '2017-11-02', '2017-12-02 17:24:56', 'Anulado', 0, 'Ciudad', 0.00, 'VIGENTE', 'César Churunel'),
(8759, 15, '2017-11-02', '2017-12-02 17:25:44', 'Neys Viajes y Turismo', 3712478, 'Ciudad', 25.00, 'VIGENTE', 'César Churunel'),
(8760, 15, '2017-11-02', '2017-12-02 17:26:34', 'Asociacion Casa del Redentor', 78721415, 'Panajachel', 600.00, 'VIGENTE', 'César Churunel'),
(8761, 15, '2017-12-03', '2017-12-02 17:27:27', 'Isabel Chicol', 0, 'Panajachel', 100.00, 'VIGENTE', 'César Churunel'),
(8762, 15, '2017-11-03', '2017-12-02 17:28:07', 'Josefa Toc', 0, 'Panajachel', 60.00, 'VIGENTE', 'César Churunel'),
(8763, 15, '2017-11-03', '2017-12-02 17:28:45', 'Ana Mercedes Chumil', 0, 'Panajachel', 100.00, 'VIGENTE', 'César Churunel'),
(8764, 15, '2017-11-03', '2017-12-02 17:29:24', 'Elena Batz', 0, 'Panajachel', 100.00, 'VIGENTE', 'César Churunel'),
(8765, 15, '2017-11-03', '2017-12-02 17:30:02', 'Juana Ajcalon', 0, 'Panajachel', 100.00, 'VIGENTE', 'César Churunel'),
(8766, 15, '2017-11-03', '2017-12-02 17:30:43', 'Luis Enrique Muchan', 0, 'Panajachel', 100.00, 'VIGENTE', 'César Churunel'),
(8767, 15, '2017-11-03', '2017-12-02 17:31:32', 'Magdalena Macario', 0, 'Panajachel', 100.00, 'VIGENTE', 'César Churunel'),
(8768, 15, '2017-11-03', '2017-12-02 17:32:15', 'Maria Pol Suar', 0, 'Panajachel', 175.00, 'VIGENTE', 'César Churunel'),
(8769, 15, '2017-11-03', '2017-12-02 17:32:51', 'Tomasa Calgua', 0, 'Panajachel', 175.00, 'VIGENTE', 'César Churunel'),
(8770, 15, '2017-11-03', '2017-12-02 17:33:43', 'Isabel Chicol', 0, 'Panajachel', 500.00, 'VIGENTE', 'César Churunel'),
(8771, 15, '2017-11-03', '2017-12-02 17:34:29', 'Bailon', 0, 'Panajachel', 50.00, 'VIGENTE', 'César Churunel'),
(8772, 15, '2017-11-04', '2017-12-02 17:35:08', 'Gonzalo Marroquin', 0, 'Panajachel', 50.00, 'VIGENTE', 'César Churunel'),
(8773, 15, '2017-11-05', '2017-12-02 17:35:56', 'Marsans', 36066540, 'Ciudad', 120.00, 'VIGENTE', 'César Churunel'),
(8774, 15, '2017-11-05', '2017-12-02 17:36:33', 'Carlos Paniagua', 1143541, 'Ciudad', 75.00, 'VIGENTE', 'César Churunel'),
(8775, 15, '2017-11-05', '2017-12-02 17:37:32', 'Industria y desarrollo turistico, S.A.', 325813, '7a Av. 14-76 Zona 9', 30.00, 'VIGENTE', 'César Churunel'),
(8776, 15, '2017-11-06', '2017-12-02 17:38:19', 'Transporte Flor del Paisaje', 0, 'Panajachel', 400.00, 'VIGENTE', 'César Churunel'),
(8777, 15, '2017-11-06', '2017-12-02 17:39:00', 'Carlos Giron', 0, 'Ciudad de Guatemala', 25.00, 'VIGENTE', 'César Churunel'),
(8778, 15, '2017-11-06', '2017-12-02 17:39:40', 'Luis Nimatuj', 0, 'Panajachel', 25.00, 'VIGENTE', 'César Churunel'),
(8779, 15, '2017-11-06', '2017-12-02 17:40:36', 'Estuardo Cordova', 19841523, 'Panajachel', 25.00, 'VIGENTE', 'César Churunel'),
(8780, 15, '2017-11-07', '2017-12-02 17:48:20', 'Juan Julaju Vicente', 0, 'Panajachel', 150.00, 'VIGENTE', 'César Churunel'),
(8781, 15, '2017-11-07', '2017-12-02 17:49:31', 'Julio Cèsar Garcìa Matzar', 0, 'San Andres Semetabaj', 50.00, 'VIGENTE', 'César Churunel'),
(8782, 15, '2017-12-07', '2017-12-02 17:50:28', 'Francisca Mejia Calva', 0, 'Panajachel', 100.00, 'VIGENTE', 'César Churunel'),
(8783, 15, '2017-11-07', '2017-12-02 17:51:30', 'Juana Mejia Calva', 0, 'Panajachel', 100.00, 'VIGENTE', 'César Churunel'),
(8784, 15, '2017-11-08', '2017-12-02 17:52:18', 'Rigoberto Ixchop', 0, 'Panajachel', 100.00, 'VIGENTE', 'César Churunel'),
(8785, 15, '2017-11-08', '2017-12-02 17:53:17', 'Juan Chun Pelico', 0, 'Panajachel', 100.00, 'VIGENTE', 'César Churunel'),
(8786, 15, '2017-12-08', '2017-12-02 17:55:29', 'Diego Larios', 0, 'Panajachel', 50.00, 'VIGENTE', 'César Churunel'),
(8787, 15, '2017-11-08', '2017-12-02 17:56:16', 'Leonzo Gonzalez', 0, 'Panajachel', 50.00, 'VIGENTE', 'César Churunel'),
(8788, 15, '2017-11-08', '2017-12-02 17:56:54', 'Jesus Yaxon Tuiz', 0, 'Panajachel', 100.00, 'VIGENTE', 'César Churunel'),
(8789, 15, '2017-11-08', '2017-12-02 17:57:39', 'Gladys Isabel', 0, 'Panajachel', 50.00, 'VIGENTE', 'César Churunel'),
(8790, 15, '2017-11-08', '2017-12-02 17:58:19', 'David Mijangos', 0, 'Panajachel', 100.00, 'VIGENTE', 'César Churunel'),
(8791, 15, '2017-11-08', '2017-12-02 17:59:11', 'Victor Miguel Xon Morales', 0, 'Panajachel', 150.00, 'VIGENTE', 'César Churunel'),
(8792, 15, '2017-11-08', '2017-12-02 17:59:59', 'Neys Viajes y Turismo', 3712478, 'Ciudad', 25.00, 'VIGENTE', 'César Churunel'),
(8793, 15, '2017-11-10', '2017-12-02 18:00:45', 'Antonia Ticaxoy Chichin', 0, 'Panajachel', 30.00, 'VIGENTE', 'César Churunel'),
(8794, 15, '2017-11-10', '2017-12-02 18:01:40', 'Francisca Majia Calgua', 0, 'Chichicastenango', 100.00, 'VIGENTE', 'César Churunel'),
(8795, 15, '2017-11-10', '2017-12-02 18:02:17', 'Manuel Macario', 0, 'Chichicastenango', 300.00, 'VIGENTE', 'César Churunel'),
(8796, 15, '2017-11-10', '2017-12-02 18:02:51', 'Cristobalina Sipac', 0, 'Patzun', 50.00, 'VIGENTE', 'César Churunel'),
(8797, 15, '2017-11-10', '2017-12-02 18:03:36', 'Rosa Matilde Mactzul', 0, 'Patzun', 50.00, 'VIGENTE', 'César Churunel'),
(8798, 15, '2017-11-10', '2017-12-02 18:04:25', 'Industria y desarrollo turistico , S.A.', 325813, 'Ciudad', 25.00, 'VIGENTE', 'César Churunel'),
(8799, 15, '2017-11-10', '2017-12-02 18:05:17', 'Fukuoka, S.A.', 70610258, 'Ciudad', 25.00, 'VIGENTE', 'César Churunel'),
(8800, 15, '2017-11-10', '2017-12-02 18:06:01', 'Cifuentes Alejandro', 0, 'Panajachel', 25.00, 'VIGENTE', 'César Churunel'),
(8801, 15, '2017-11-11', '2017-12-02 18:06:51', 'Transportes Rebuli', 0, 'Panajachel', 200.00, 'VIGENTE', 'César Churunel'),
(8802, 15, '2017-11-11', '2017-12-02 18:07:31', 'Alberto Ajcalon', 5384383, 'Panajachel', 25.00, 'VIGENTE', 'César Churunel'),
(8803, 15, '2017-11-11', '2017-12-02 18:08:10', 'Byron Cortez', 0, 'Ciudad', 20.00, 'VIGENTE', 'César Churunel'),
(8804, 15, '2017-11-11', '2017-12-02 18:08:48', 'Erik Roberto Oxlaj', 0, 'Ciudad', 10.00, 'VIGENTE', 'César Churunel'),
(8805, 15, '2017-11-12', '2017-12-02 18:09:33', 'Gerardo Letona', 0, 'Panajachel', 75.00, 'VIGENTE', 'César Churunel'),
(8806, 15, '2017-11-12', '2017-12-02 18:11:59', 'Carla Garrido', 24392936, 'Panajachel', 50.00, 'VIGENTE', 'César Churunel'),
(8807, 15, '2017-11-12', '2017-12-02 18:12:34', 'Fabio Saenz', 40533, 'Ciudad', 25.00, 'VIGENTE', 'César Churunel'),
(8808, 15, '2017-11-13', '2017-12-02 18:13:43', 'Corporacion aic, s.a.', 12516317, '9 CALLE 18-18 zONA 14', 900.00, 'VIGENTE', 'César Churunel'),
(8809, 15, '2017-11-13', '2017-12-02 18:14:38', 'Tropical Tours', 80273548, 'Ciudad', 25.00, 'VIGENTE', 'César Churunel'),
(8810, 15, '2017-11-13', '2017-12-02 18:15:16', 'Mario Lopez', 0, 'Ciudad', 25.00, 'VIGENTE', 'César Churunel'),
(8811, 15, '2017-11-13', '2017-12-02 18:16:02', 'Jose Andrez', 0, 'Solola', 200.00, 'VIGENTE', 'César Churunel'),
(8812, 15, '2017-11-14', '2017-12-02 18:16:40', 'S.T.P.', 0, 'Ciudad', 50.00, 'VIGENTE', 'César Churunel'),
(8813, 23, '2017-11-15', '2017-12-02 18:17:30', 'Anulado', 0, 'Panajachel', 0.00, 'VIGENTE', 'César Churunel'),
(8814, 15, '2017-11-15', '2017-12-02 18:18:09', 'Alejandro Santizo', 0, 'Ciudad', 50.00, 'VIGENTE', 'César Churunel'),
(8815, 15, '2017-11-15', '2017-12-02 18:18:48', 'Neys Viajes y Turismo', 3712478, 'Ciudad', 25.00, 'VIGENTE', 'César Churunel'),
(8816, 15, '2017-11-15', '2017-12-02 18:19:30', 'Pick Up Rojo', 0, 'Panajachel', 25.00, 'VIGENTE', 'César Churunel'),
(8817, 15, '2017-11-15', '2017-12-02 18:20:08', 'Danilo Lee', 3127079, 'Ciudad', 25.00, 'VIGENTE', 'César Churunel'),
(8818, 15, '2017-11-16', '2017-12-02 18:20:57', 'naturaceites, S.A.', 4607392, 'Ciudad', 25.00, 'VIGENTE', 'César Churunel'),
(8819, 15, '2017-11-17', '2017-12-02 18:21:55', 'Mayor Servicios ,S.A.', 5671868, 'Amatitlan, Guatemala', 30.00, 'VIGENTE', 'César Churunel'),
(8820, 15, '2017-11-17', '2017-12-02 18:23:00', 'Transportes y Servicios Maya, S.A.', 322636, 'Via 3 6-69 Zona 4 Guatemala', 40.00, 'VIGENTE', 'César Churunel'),
(8821, 15, '2017-11-17', '2017-12-02 18:23:47', 'Cristina Herreera', 0, 'Barrio Jucanya, Panajachel', 400.00, 'VIGENTE', 'César Churunel'),
(8822, 15, '2017-11-17', '2017-12-02 18:24:20', 'Ine', 0, 'Ciudad', 50.00, 'VIGENTE', 'César Churunel'),
(8823, 15, '2017-11-18', '2017-12-02 18:25:25', 'Ine', 0, 'Ciudad', 50.00, 'VIGENTE', 'César Churunel'),
(8824, 15, '2017-11-19', '2017-12-02 18:26:28', 'Fukuoka, S.A.', 70610258, 'Ciudad', 25.00, 'VIGENTE', 'César Churunel'),
(8825, 15, '2017-11-19', '2017-12-02 18:27:13', 'Marsan', 36066540, 'Ciudad', 25.00, 'VIGENTE', 'César Churunel'),
(8826, 15, '2017-11-19', '2017-12-02 18:27:56', 'Yoselin Martinez', 0, 'Panajachel', 450.00, 'VIGENTE', 'César Churunel'),
(8827, 15, '2017-12-20', '2017-12-02 18:28:41', 'Luis de León', 0, 'Panajachel', 450.00, 'VIGENTE', 'César Churunel'),
(8828, 15, '2017-11-20', '2017-12-02 18:29:18', 'Rosalio Ajcet', 0, 'Panajachel', 150.00, 'VIGENTE', 'César Churunel'),
(8829, 15, '2017-11-20', '2017-12-02 18:29:54', 'anulado', 0, 'panajachel', 0.00, 'VIGENTE', 'César Churunel'),
(8830, 15, '2017-11-20', '2017-12-02 18:30:41', 'Marsans', 36066540, 'Guatemala', 25.00, 'VIGENTE', 'César Churunel'),
(8831, 15, '2017-11-21', '2017-12-02 18:31:41', 'Servicios Turisticos Profesionales, S.A.', 6694969, 'Ciudad', 40.00, 'VIGENTE', 'César Churunel'),
(8832, 15, '2017-11-21', '2017-12-02 18:32:56', 'Fundacion para el desarrollo empresarial y agricola', 12919748, '15 av 2-09 zona13, Guatemala', 25.00, 'VIGENTE', 'César Churunel'),
(8833, 15, '2017-11-22', '2017-12-02 18:34:36', 'Alberto Bixcul', 0, 'Panajachej', 100.00, 'VIGENTE', 'César Churunel'),
(8834, 15, '2017-11-22', '2017-12-02 18:35:51', 'Ministerio de Trabajo y Previsión Social', 3440168, '7a avenida 3-33 zona 9, guatemala', 900.00, 'VIGENTE', 'César Churunel'),
(8835, 15, '2017-11-22', '2017-12-02 18:36:32', 'Neys Viajes y Turismo', 3712478, 'Ciudad', 25.00, 'VIGENTE', 'César Churunel'),
(8836, 15, '2017-11-22', '2017-12-02 18:37:48', 'Fundacion para el desarrollo empresarial y agricola', 12919748, '15 avenida 2-09 zona 13 , guatemala', 25.00, 'VIGENTE', 'César Churunel'),
(8837, 15, '2017-11-22', '2017-12-02 18:39:13', 'Manuel Quema', 0, 'Panajachel', 25.00, 'VIGENTE', 'César Churunel'),
(8838, 15, '2017-11-22', '2017-12-02 18:39:51', 'anulado', 0, 'ciudad', 0.00, 'VIGENTE', 'César Churunel'),
(8839, 15, '2017-11-22', '2017-12-02 18:40:38', 'Mayatlan , S.A.', 54028353, 'Ciudad', 30.00, 'VIGENTE', 'César Churunel'),
(8840, 15, '2017-11-24', '2017-12-02 18:41:16', 'Oliverio Martinez', 0, 'Ciudad', 100.00, 'VIGENTE', 'César Churunel'),
(8841, 15, '2017-11-24', '2017-12-02 18:42:30', 'Industria y desarrollo turistico, S.A.', 325813, '7avenida 14-76 zona09, guatemala', 25.00, 'VIGENTE', 'César Churunel'),
(8842, 15, '2017-11-24', '2017-12-02 18:43:16', 'Servicios turisticos profesionales, s.a.', 6694969, 'Ciudad', 150.00, 'VIGENTE', 'César Churunel'),
(8843, 15, '2017-11-24', '2017-12-02 18:44:06', 'Envasadora de alimentos y conservas, s.a.', 28206029, 'Ciudad', 50.00, 'VIGENTE', 'César Churunel'),
(8844, 15, '2017-11-25', '2017-12-02 18:45:24', 'Juan Carlos Cazun', 57358001, '7avenida 10-20 zona 5 mixco 1o.  julio', 80.00, 'VIGENTE', 'César Churunel'),
(8845, 15, '2017-11-25', '2017-12-02 18:47:23', 'Rolando Schweikert', 826391, '7avenida 10-20 z 5 mixco', 80.00, 'VIGENTE', 'César Churunel'),
(8846, 15, '2017-11-25', '2017-12-02 18:52:42', 'Valerio Aparicio', 0, 'Panajachel', 600.00, 'VIGENTE', 'César Churunel'),
(8847, 15, '2017-11-25', '2017-12-02 18:53:25', 'Estuardo Cordova', 196841523, 'Ciudad', 25.00, 'VIGENTE', 'César Churunel'),
(8848, 15, '2017-11-26', '2017-12-02 18:54:39', 'Fundacion Margarita Tejada para niños con sindrome de Dow', 16888405, 'ciudad', 20.00, 'VIGENTE', 'César Churunel'),
(8849, 15, '2017-11-26', '2017-12-02 18:55:28', 'Asociación caminos de esperanza', 0, 'Panajachel', 100.00, 'VIGENTE', 'César Churunel'),
(8850, 15, '2017-11-28', '2017-12-02 18:56:13', 'Unilabsa  , s.a.', 87261944, 'Ciudad', 40.00, 'VIGENTE', 'César Churunel'),
(8851, 15, '2017-11-29', '2017-12-02 18:57:29', 'Rosemari Bamford', 0, 'Panajachel', 750.00, 'VIGENTE', 'César Churunel'),
(8852, 15, '2017-11-29', '2017-12-02 18:58:26', 'Maurice Irving Glad inc, s.a.', 19614381, 'Antigua Guatemala', 30.00, 'VIGENTE', 'César Churunel'),
(8853, 15, '2017-11-30', '2017-12-02 18:59:14', 'xxx', 0, 'Ciudad', 25.00, 'VIGENTE', 'César Churunel'),
(8854, 20, '2017-12-01', '2017-12-02 19:00:06', 'Carlos Tzul', 0, 'Panajachel', 450.00, 'VIGENTE', 'César Churunel'),
(8855, 18, '2017-12-01', '2017-12-02 19:00:49', 'Eukuoka', 70610258, 'Ciudad', 75.00, 'VIGENTE', 'César Churunel'),
(8856, 18, '2017-12-01', '2017-12-02 19:01:41', 'Alain Reyes', 28419472, 'Ciudad', 100.00, 'VIGENTE', 'César Churunel'),
(8857, 18, '2017-12-01', '2017-12-02 19:02:32', 'renovacion Carismatica', 0, 'Panajachel', 30.00, 'VIGENTE', 'César Churunel'),
(8858, 15, '2017-12-02', '2017-12-02 19:03:18', 'Juan Pablo Rodas', 0, 'Ciudad', 50.00, 'VIGENTE', 'César Churunel'),
(8859, 18, '2017-12-02', '2017-12-02 19:03:51', 'Juan Barrios', 0, 'Ciudad', 50.00, 'VIGENTE', 'César Churunel'),
(8860, 18, '2017-12-02', '2017-12-02 19:04:26', 'Monica Gramajo', 0, 'Ciudad', 50.00, 'VIGENTE', 'César Churunel'),
(8861, 18, '2017-12-02', '2017-12-02 19:04:59', 'Hugo Berducido', 0, 'Ciudad', 50.00, 'VIGENTE', 'César Churunel'),
(8862, 15, '2017-12-02', '2017-12-20 20:12:28', 'Alfonso Garcia', 0, 'Ciudad', 75.00, 'VIGENTE', 'César Churunel'),
(8863, 15, '2017-12-02', '2017-12-20 20:13:25', 'MTB coyotes santa ana huista', 0, 'ciudad', 75.00, 'VIGENTE', 'César Churunel'),
(8864, 15, '2017-12-02', '2017-12-20 20:14:52', 'Danny Tecún', 0, 'Amatitlan', 50.00, 'VIGENTE', 'César Churunel'),
(8865, 15, '2017-12-02', '2017-12-20 20:15:40', 'MTB  coyotes', 63617943, 'Santa Ana Huista', 75.00, 'VIGENTE', 'César Churunel'),
(8866, 15, '2017-12-03', '2017-12-20 20:16:17', 'Bicemania', 5199654, 'Ciudad', 15.00, 'VIGENTE', 'César Churunel'),
(8867, 15, '2017-12-03', '2017-12-20 20:16:49', 'Camioneta Honda', 0, 'Ciudad', 30.00, 'VIGENTE', 'César Churunel'),
(8868, 19, '2017-12-05', '2017-12-20 20:17:47', 'Flor del Paisaje', 0, 'Panajachel', 400.00, 'VIGENTE', 'César Churunel'),
(8869, 19, '2017-12-05', '2017-12-20 20:18:26', 'Manuel Ajanel', 0, 'Panajachel', 300.00, 'VIGENTE', 'César Churunel'),
(8870, 21, '2017-12-05', '2017-12-20 20:19:12', 'Maria Pol', 0, 'Panajachel', 175.00, 'VIGENTE', 'César Churunel'),
(8871, 21, '2017-12-05', '2017-12-20 20:20:00', 'Luis Enrique  Buchan', 0, 'Panajachel', 100.00, 'VIGENTE', 'César Churunel'),
(8872, 21, '2017-12-05', '2017-12-20 20:20:40', 'Tomasa Calgua', 0, 'Panajachel', 175.00, 'VIGENTE', 'César Churunel'),
(8873, 21, '2017-12-05', '2017-12-20 20:21:18', 'Magdalena Macario', 0, 'Panajachel', 100.00, 'VIGENTE', 'César Churunel'),
(8874, 21, '2017-12-05', '2017-12-20 20:21:59', 'Ana Mercedes Chumil', 0, 'Panajachel', 100.00, 'VIGENTE', 'César Churunel'),
(8875, 21, '2017-12-05', '2017-12-20 20:22:36', 'Elena Batz', 0, 'Panajachel', 100.00, 'VIGENTE', 'César Churunel'),
(8876, 21, '2017-12-05', '2017-12-20 20:23:14', 'Juana Ajcalon', 0, 'Panajachel', 100.00, 'VIGENTE', 'César Churunel'),
(8877, 21, '2017-12-05', '2017-12-20 20:23:56', 'Rosa Matilde Mactzul', 0, 'Panajachel', 50.00, 'VIGENTE', 'César Churunel'),
(8878, 21, '2017-12-05', '2017-12-20 20:24:47', 'Isabel Chicol', 0, 'Panajachel', 100.00, 'VIGENTE', 'César Churunel'),
(8879, 21, '2017-12-05', '2017-12-20 20:25:25', 'Josefa Toc', 0, 'Panajachel', 60.00, 'VIGENTE', 'César Churunel'),
(8880, 21, '2017-12-06', '2017-12-20 20:26:23', 'Jesús Yaxon Tuiz', 0, 'Panajachel', 100.00, 'VIGENTE', 'César Churunel'),
(8881, 21, '2017-12-06', '2017-12-20 20:27:03', 'Leonzo Gonzalez', 0, 'Panajachel', 50.00, 'VIGENTE', 'César Churunel'),
(8882, 21, '2017-12-06', '2017-12-20 20:28:06', 'Sebastiana Xiloj Lux', 0, 'Panajachel', 100.00, 'VIGENTE', 'César Churunel'),
(8883, 21, '2017-12-06', '2017-12-20 20:28:44', 'Rafaela Canil', 0, 'Panajachel', 100.00, 'VIGENTE', 'César Churunel'),
(8884, 21, '2017-12-06', '2017-12-20 20:29:24', 'Diego Larios', 0, 'Panajachel', 50.00, 'VIGENTE', 'César Churunel'),
(8885, 21, '2017-12-06', '2017-12-20 20:30:13', 'Rigoberto Ixchop', 0, 'Panajachel', 100.00, 'VIGENTE', 'César Churunel'),
(8886, 21, '2017-12-06', '2017-12-20 20:30:59', 'Gladys Isabel Tol Tecun', 0, 'Panajachel', 50.00, 'VIGENTE', 'César Churunel'),
(8887, 21, '2017-12-06', '2017-12-20 20:31:45', 'Victor Miguel Xaper Morales', 0, 'Panajachel', 200.00, 'VIGENTE', 'César Churunel'),
(8888, 21, '2017-12-06', '2017-12-20 20:32:42', 'Juan Chun Pelico', 0, 'Panajachel', 200.00, 'VIGENTE', 'César Churunel'),
(8889, 21, '2017-12-06', '2017-12-20 20:33:21', 'Pascuala Pérez', 0, 'Panajachel', 50.00, 'VIGENTE', 'César Churunel'),
(8890, 21, '2017-12-06', '2017-12-20 20:34:05', 'Francisco Cortez', 0, 'Panajachel', 100.00, 'VIGENTE', 'César Churunel'),
(8891, 21, '2017-12-06', '2017-12-20 20:34:42', 'Micaela Cortez', 0, 'Panajachel', 100.00, 'VIGENTE', 'César Churunel'),
(8892, 22, '2017-12-06', '2017-12-20 20:35:26', 'Mario Churunel', 0, 'Panajachel', 500.00, 'VIGENTE', 'César Churunel'),
(8893, 19, '2017-12-06', '2017-12-20 20:36:19', 'Clara Yolanda Villatoro', 3773159, 'Sololá', 1400.00, 'VIGENTE', 'César Churunel'),
(8894, 15, '2017-12-06', '2017-12-20 20:36:54', 'Kotzij', 0, 'Ciudad', 43.00, 'VIGENTE', 'César Churunel'),
(8895, 15, '2017-12-06', '2017-12-20 20:37:30', 'Luis de León', 0, 'Panajachel', 50.00, 'VIGENTE', 'César Churunel'),
(8896, 15, '2017-12-06', '2017-12-20 20:38:13', 'Pedro Moisés Velasquez', 0, 'Panajachel', 20.00, 'VIGENTE', 'César Churunel'),
(8897, 15, '2017-12-06', '2017-12-20 20:38:52', 'Luis de León', 0, 'Panajachel', 10.00, 'VIGENTE', 'César Churunel'),
(8898, 18, '2017-12-06', '2017-12-20 20:39:48', 'Efrain Castellanos', 0, 'Coatepeque', 25.00, 'VIGENTE', 'César Churunel'),
(8899, 20, '2017-12-07', '2017-12-20 20:40:38', 'Policarpo Chay', 0, 'Panajachel', 450.00, 'VIGENTE', 'César Churunel'),
(8900, 19, '2017-12-07', '2017-12-20 20:49:13', 'Juan Julajuj Vicente', 0, 'Panajachel', 150.00, 'VIGENTE', 'César Churunel'),
(8901, 18, '2017-12-08', '2017-12-20 20:53:07', 'Industria y Desarrollo Turistico', 325813, '7a. Av. 14-76 Zona 9, Guatemala', 50.00, 'VIGENTE', 'César Churunel'),
(8902, 15, '2017-12-08', '2017-12-20 20:54:14', 'Ricardo Ladd', 0, 'Canada', 100.00, 'VIGENTE', 'César Churunel'),
(8903, 15, '2017-12-08', '2017-12-20 20:54:59', 'Marsana', 360666540, 'Ciudad', 90.00, 'VIGENTE', 'César Churunel'),
(8904, 18, '2017-12-09', '2017-12-20 20:55:57', 'Fukuoka, S.A.', 70610258, 'Ciudad', 25.00, 'VIGENTE', 'César Churunel'),
(8905, 15, '2017-12-09', '2017-12-20 20:56:42', 'Vuelta al Lago de Atitlán', 0, 'Panajachel', 7000.00, 'VIGENTE', 'César Churunel'),
(8906, 24, '2017-12-10', '2017-12-20 20:57:48', 'Vanesa Queche', 0, 'Panajachel', 100.00, 'VIGENTE', 'César Churunel'),
(8907, 23, '2017-12-11', '2017-12-20 20:58:21', '0', 0, '0', 0.00, 'VIGENTE', 'César Churunel'),
(8908, 23, '2017-12-11', '2017-12-20 20:58:58', '0', 0, '0', 0.00, 'VIGENTE', 'César Churunel'),
(8909, 19, '2017-12-11', '2017-12-20 20:59:48', 'Transportes Rebuli', 0, 'Panajachel', 200.00, 'VIGENTE', 'César Churunel'),
(8910, 21, '2017-12-12', '2017-12-20 21:00:49', 'Juana Mejia', 0, 'Panajachel', 100.00, 'VIGENTE', 'César Churunel'),
(8911, 21, '2017-12-12', '2017-12-20 21:01:26', 'Cristobalina Sipac', 0, 'Panajachel', 50.00, 'VIGENTE', 'César Churunel'),
(8912, 23, '2017-12-12', '2017-12-20 21:01:57', '0', 0, '0', 0.00, 'VIGENTE', 'César Churunel'),
(8913, 19, '2017-12-12', '2017-12-20 21:02:47', 'Distribuidora Los Altos, S.A.', 3644421, 'cIUDAD', 400.00, 'VIGENTE', 'César Churunel'),
(8914, 18, '2017-12-13', '2017-12-20 21:03:59', 'Mayor Servicios , S.A.', 5671868, 'Amatitlan , Guatemala', 40.00, 'VIGENTE', 'César Churunel'),
(8915, 18, '2017-12-14', '2017-12-20 21:04:50', 'Naturacietes', 4607392, 'Ciudad', 25.00, 'VIGENTE', 'César Churunel'),
(8916, 15, '2017-12-14', '2017-12-20 21:05:30', 'Contrusa', 4903072, 'Ciudad', 25.00, 'VIGENTE', 'César Churunel'),
(8917, 18, '2017-12-15', '2017-12-20 21:06:17', 'Estuardo Perez', 0, 'Ciudad', 50.00, 'VIGENTE', 'César Churunel'),
(8918, 24, '2017-12-15', '2017-12-20 21:06:56', 'Wendy Churunel', 0, 'Panajacheñ', 100.00, 'VIGENTE', 'César Churunel'),
(8919, 18, '2017-12-16', '2017-12-20 21:07:38', 'Oscar Luna', 0, 'Ciudad', 25.00, 'VIGENTE', 'César Churunel'),
(8920, 18, '2017-12-16', '2017-12-20 21:08:16', 'Patricia Rabanales', 0, 'Ciudad', 50.00, 'VIGENTE', 'César Churunel'),
(8921, 18, '2017-12-16', '2017-12-20 21:08:54', 'Kevin Rodriguez', 0, 'Ciudad', 50.00, 'VIGENTE', 'César Churunel'),
(8922, 18, '2017-12-16', '2017-12-20 21:09:46', 'Fukuova, S.A.', 70610258, 'Panajachel', 25.00, 'VIGENTE', 'César Churunel'),
(8923, 15, '2017-12-16', '2017-12-20 21:10:22', 'Melvin Citalan', 0, 'Panajachel', 40.00, 'VIGENTE', 'César Churunel'),
(8924, 18, '2017-12-17', '2017-12-20 21:11:07', 'Jonatan de León', 42148057, 'Ciudad', 25.00, 'VIGENTE', 'César Churunel'),
(8925, 18, '2017-12-17', '2017-12-20 21:11:59', 'Mordu', 0, 'ciudad', 50.00, 'VIGENTE', 'César Churunel'),
(8926, 18, '2017-12-17', '2017-12-20 21:12:50', 'Luis Fernando Roca', 64723429, 'Guatemala', 50.00, 'VIGENTE', 'César Churunel'),
(8927, 18, '2017-12-17', '2017-12-20 21:15:26', 'Vidalia Vásquez', 0, 'Panajachel', 10.00, 'VIGENTE', 'César Churunel'),
(8928, 18, '2017-12-17', '2017-12-20 21:16:13', 'Daniel Xon', 28532449, 'Sololá', 25.00, 'VIGENTE', 'César Churunel'),
(8929, 16, '2017-12-18', '2017-12-20 21:16:54', 'Jorge Luis Méndez', 0, 'Panajachel', 2500.00, 'VIGENTE', 'César Churunel'),
(8930, 17, '2017-12-18', '2017-12-20 21:17:46', 'Fundación Familia Maya', 73977217, 'Panajachel', 500.00, 'VIGENTE', 'César Churunel'),
(8931, 15, '2017-12-18', '2017-12-20 21:18:45', 'Industria y desarrollo turistico, S.A.', 325813, 'Ciudad', 25.00, 'VIGENTE', 'César Churunel'),
(8932, 18, '2017-12-18', '2017-12-20 21:19:32', 'Oscar Barrios', 43359922, 'Ciudad', 25.00, 'VIGENTE', 'César Churunel'),
(8933, 18, '2017-12-18', '2017-12-20 21:20:13', 'César Gómez', 59222461, 'Ciudad', 25.00, 'VIGENTE', 'César Churunel'),
(8934, 21, '2017-12-19', '2017-12-20 21:21:07', 'Antonieta Tica Xoy', 0, 'Panajachel', 30.00, 'VIGENTE', 'César Churunel'),
(8935, 19, '2017-12-19', '2017-12-20 21:22:09', 'Galera', 0, 'Panajachel', 150.00, 'VIGENTE', 'César Churunel'),
(8936, 18, '2017-12-19', '2017-12-20 21:23:04', 'Carro Azul', 0, 'Panajachel', 25.00, 'VIGENTE', 'César Churunel'),
(8937, 18, '2017-12-20', '2017-12-20 21:23:49', 'Antonio Carlos', 0, 'Pajapita San Marcos', 50.00, 'VIGENTE', 'César Churunel'),
(8938, 23, '2017-12-20', '2017-12-20 21:24:12', '0', 0, '0', 0.00, 'VIGENTE', 'César Churunel'),
(8939, 15, '2017-12-20', '2017-12-20 21:25:05', 'Miguel Méndez Arauz', 0, 'Panajachel', 100.00, 'VIGENTE', 'César Churunel'),
(8940, 18, '2017-12-20', '2017-12-20 21:26:00', 'Grupo Sostavisa, S.A.', 88411621, 'Ciudad', 50.00, 'VIGENTE', 'César Churunel'),
(8941, 18, '2017-12-21', '2018-01-15 21:34:14', 'Ancelmo Mendez', 0, 'Panajachel', 25.00, 'VIGENTE', 'César Churunel'),
(8942, 15, '2017-12-22', '2018-01-15 21:34:58', 'Roxe , S.A.', 0, 'Panajachel', 2668.12, 'VIGENTE', 'César Churunel'),
(8943, 15, '2017-12-22', '2018-01-15 21:36:06', 'Mainor Chacach', 24050652, 'Panajachel', 50.00, 'VIGENTE', 'César Churunel'),
(8944, 18, '2017-12-23', '2018-01-15 21:36:51', 'Ramiro Lainez', 0, 'Ciudad', 75.00, 'VIGENTE', 'César Churunel'),
(8945, 18, '2017-12-23', '2018-01-15 21:37:38', 'Celso Josè', 0, 'Ciudad', 25.00, 'VIGENTE', 'César Churunel'),
(8946, 15, '2017-12-23', '2018-01-15 21:38:32', 'Damas Voluntad de Fuego', 0, 'Panajachel', 8530.00, 'VIGENTE', 'César Churunel'),
(8947, 18, '2017-12-24', '2018-01-15 21:39:24', 'Cristian Solorzano', 76734242, 'Ciudad', 50.00, 'VIGENTE', 'César Churunel'),
(8948, 18, '2017-12-24', '2018-01-15 21:40:18', 'Lesly Ramirez', 0, 'Quetzaltenango', 50.00, 'VIGENTE', 'César Churunel'),
(8949, 18, '2017-12-24', '2018-01-15 21:41:02', 'Cèsar Gòmez', 5922461, 'Totonicapan', 25.00, 'VIGENTE', 'César Churunel'),
(8950, 18, '2017-12-24', '2018-01-15 21:41:52', 'Eduardo Pinto', 12015204, 'Aldea El Novillero', 25.00, 'VIGENTE', 'César Churunel'),
(8951, 20, '2017-12-25', '2018-01-15 21:42:42', 'xxx', 0, 'Panajachel', 400.00, 'VIGENTE', 'César Churunel'),
(8952, 18, '2017-12-25', '2018-01-15 21:43:43', 'Neys Viajes y Turismo', 3712478, 'Ciudad', 25.00, 'VIGENTE', 'César Churunel'),
(8953, 18, '2017-12-26', '2018-01-15 21:44:31', 'Byron Santizo', 0, 'Ciudad', 25.00, 'VIGENTE', 'César Churunel'),
(8954, 18, '2017-12-26', '2018-01-15 21:45:21', 'David Yates', 0, 'Panajachel', 25.00, 'VIGENTE', 'César Churunel'),
(8955, 21, '2017-12-27', '2018-01-15 21:46:16', 'Pascual Iboy', 0, 'Panajachel', 200.00, 'VIGENTE', 'César Churunel'),
(8956, 21, '2017-12-27', '2018-01-15 21:47:02', 'David Mijangos', 0, 'Panajachel', 100.00, 'VIGENTE', 'César Churunel'),
(8957, 21, '2017-12-27', '2018-01-15 21:47:50', 'Gladys Isabel Tol Tecùn', 0, 'Panajachel', 50.00, 'VIGENTE', 'César Churunel'),
(8958, 21, '2017-12-27', '2018-01-15 21:48:32', 'Alberto Bixcul', 0, 'Panajachel', 100.00, 'VIGENTE', 'César Churunel'),
(8959, 21, '2017-12-27', '2018-01-15 21:49:25', 'Juan Santos Yaxon', 0, 'Panajachel', 100.00, 'VIGENTE', 'César Churunel'),
(8960, 21, '2017-12-27', '2018-01-15 21:50:18', 'Candelaria Gonzales', 0, 'Panajachel', 300.00, 'VIGENTE', 'César Churunel'),
(8961, 21, '2017-12-27', '2018-01-15 21:51:04', 'Rafaela Canil', 0, 'Panajachel', 100.00, 'VIGENTE', 'César Churunel'),
(8962, 21, '2017-12-27', '2018-01-15 21:51:44', 'Micaela Coche Coj', 0, 'Panajachel', 150.00, 'VIGENTE', 'César Churunel'),
(8963, 21, '2017-12-27', '2018-01-15 21:52:30', 'Francisco Coche', 0, 'Panajachel', 150.00, 'VIGENTE', 'César Churunel'),
(8964, 15, '2017-12-27', '2018-01-15 21:53:15', 'Anabella Pèrez', 0, 'Panajachel', 200.00, 'VIGENTE', 'César Churunel'),
(8965, 18, '2017-12-27', '2018-01-15 21:54:13', 'Industria y Desarrollo Turistico, S.A.', 325813, 'Ciudad', 25.00, 'VIGENTE', 'César Churunel'),
(8966, 18, '2017-12-27', '2018-01-15 21:55:00', 'Neys Viajes y Turismo', 3712478, 'Ciudad', 25.00, 'VIGENTE', 'César Churunel'),
(8967, 18, '2017-12-27', '2018-01-15 21:55:44', 'Cristian Herwig', 0, 'Ciudad', 25.00, 'VIGENTE', 'César Churunel'),
(8968, 18, '2017-12-27', '2018-01-15 21:56:20', 'Carro Negro', 0, 'Ciudad', 50.00, 'VIGENTE', 'César Churunel'),
(8969, 18, '2017-12-28', '2018-01-15 21:57:06', 'S.T.P.', 6694969, 'Ciudad', 75.00, 'VIGENTE', 'César Churunel'),
(8970, 18, '2017-12-28', '2018-01-15 21:57:59', 'Servicios Turisticos Profesionales', 6694969, 'Ciudad', 60.00, 'VIGENTE', 'César Churunel'),
(8971, 20, '2017-12-29', '2018-01-15 21:58:53', 'Hotel del Lago, S.A.', 1077503, 'pANAJACHEL', 900.00, 'VIGENTE', 'César Churunel'),
(8972, 21, '2017-12-29', '2018-01-15 22:00:50', 'Maria Isabel Gonzalez', 0, 'Patzicia', 200.00, 'VIGENTE', 'César Churunel'),
(8973, 22, '2017-12-29', '2018-01-15 22:02:33', 'Tony Churunel', 0, 'Panajachel', 900.00, 'VIGENTE', 'César Churunel'),
(8974, 19, '2017-12-29', '2018-01-15 22:03:17', 'Rosalio Ajcet', 0, 'Panajachel', 150.00, 'VIGENTE', 'César Churunel'),
(8975, 18, '2017-12-29', '2018-01-15 22:04:21', 'Mario Paz', 0, 'Ciudad', 125.00, 'VIGENTE', 'César Churunel'),
(8976, 18, '2017-12-29', '2018-01-15 22:05:10', 'Industria y Desarrollo Turistico , S.A.', 0, 'Ciudad', 30.00, 'VIGENTE', 'César Churunel'),
(8977, 18, '2017-12-29', '2018-01-15 22:05:54', 'Victor de Leòn', 0, 'Ciudad', 120.00, 'VIGENTE', 'César Churunel'),
(8978, 18, '2017-12-29', '2018-01-15 22:06:43', 'Armando Mucun', 0, 'Panajachel', 25.00, 'VIGENTE', 'César Churunel'),
(8979, 18, '2017-12-30', '2018-01-15 22:07:32', 'Servicios turisticos Profesionales', 0, 'Ciudad', 60.00, 'VIGENTE', 'César Churunel'),
(8980, 18, '2017-12-30', '2018-01-15 22:08:16', 'Daniel Molieri', 0, 'Ciudad', 100.00, 'VIGENTE', 'César Churunel'),
(8981, 18, '2017-12-30', '2018-01-15 22:08:52', 'Pamela Morales', 0, 'Ciudad', 100.00, 'VIGENTE', 'César Churunel'),
(8982, 18, '2017-12-30', '2018-01-15 22:09:35', 'Antonio Barrera', 0, 'Ciudad', 100.00, 'VIGENTE', 'César Churunel'),
(8983, 23, '2017-12-30', '2018-01-15 22:10:26', '0', 0, '0', 0.00, 'VIGENTE', 'César Churunel'),
(8984, 18, '2017-12-30', '2018-01-15 22:11:17', 'Servicios Turisticos Profesionales, S.A.', 6694969, 'Ciudad', 150.00, 'VIGENTE', 'César Churunel'),
(8985, 18, '2017-12-30', '2018-01-15 22:11:54', 'Jaime Rivera', 0, 'Ciudad', 70.00, 'VIGENTE', 'César Churunel'),
(8986, 18, '2017-12-30', '2018-01-15 22:12:39', 'Mauricio Rodriguez', 0, 'Panajachel', 25.00, 'VIGENTE', 'César Churunel'),
(8987, 15, '2017-12-30', '2018-01-15 22:13:28', 'Armando Mucùn', 0, 'Panajachel', 25.00, 'VIGENTE', 'César Churunel'),
(8988, 18, '2017-12-31', '2018-01-15 22:14:12', 'Leo Mèrida', 7111630, 'Ciudad', 50.00, 'VIGENTE', 'César Churunel'),
(8989, 18, '2017-12-31', '2018-01-15 22:14:51', 'Ebelina Comas', 0, 'Ciudad', 25.00, 'VIGENTE', 'César Churunel'),
(8990, 18, '2018-01-01', '2018-01-15 22:15:39', 'Servicios Turisticos Profesionales', 6694969, 'Ciudad', 75.00, 'VIGENTE', 'César Churunel');
INSERT INTO `recibo` (`idrecibo`, `idrubro`, `fecha_emision`, `fecha`, `recibidode`, `nit`, `direccion`, `cantidad`, `estado`, `ingresadopor`) VALUES
(8991, 15, '2018-01-02', '2018-01-15 22:16:18', 'Moises Perez', 0, 'Panajachel', 175.00, 'VIGENTE', 'César Churunel'),
(8992, 18, '2018-01-03', '2018-01-15 22:17:06', 'Rolando Cotuc', 0, 'Ciudad', 100.00, 'VIGENTE', 'César Churunel'),
(8993, 18, '2018-01-03', '2018-01-15 22:17:51', 'Juan Josè', 43990444, 'Xela', 25.00, 'VIGENTE', 'César Churunel'),
(8994, 15, '2018-01-04', '2018-01-15 22:18:46', 'Juan Josè', 43990444, 'Xela', 25.00, 'VIGENTE', 'César Churunel'),
(8995, 21, '2018-01-05', '2018-01-15 22:19:39', 'Manuel Macario', 0, 'Chichicastenango', 300.00, 'VIGENTE', 'César Churunel'),
(8996, 21, '2018-01-05', '2018-02-04 17:58:30', 'Isabel Chicol', 0, 'Patzun', 100.00, 'VIGENTE', 'César Churunel'),
(8997, 21, '2018-01-05', '2018-02-04 17:59:20', 'Josefa Toc', 0, 'San Juan La Laguna', 60.00, 'VIGENTE', 'César Churunel'),
(8998, 21, '2018-01-05', '2018-02-04 18:00:05', 'Maria Pol', 0, 'Chichicastenango', 175.00, 'VIGENTE', 'César Churunel'),
(8999, 21, '2018-01-05', '2018-02-04 18:00:54', 'Luis Enrique Muchan', 0, 'Chichicastenango', 100.00, 'VIGENTE', 'César Churunel'),
(9000, 21, '2018-01-05', '2018-02-04 18:01:39', 'Tomasa Calgua', 0, 'Chichicastenango', 175.00, 'VIGENTE', 'César Churunel'),
(9001, 21, '2018-01-05', '2018-02-04 18:03:00', 'Magdalena Macario', 0, 'Chichicastenango', 100.00, 'VIGENTE', 'César Churunel'),
(9002, 21, '2018-01-05', '2018-02-04 18:03:47', 'Juana Ajcalon', 0, 'Patzun', 100.00, 'VIGENTE', 'César Churunel'),
(9003, 21, '2018-01-05', '2018-02-04 18:04:25', 'Elena Batz', 0, 'Patzun', 100.00, 'VIGENTE', 'César Churunel'),
(9004, 15, '2018-01-05', '2018-02-04 18:05:59', 'Josè Pèrez', 0, 'Ciudad', 100.00, 'VIGENTE', 'César Churunel'),
(9005, 18, '2018-01-05', '2018-02-04 18:06:38', 'Carlos Rodas', 0, 'Ciudad', 75.00, 'VIGENTE', 'César Churunel'),
(9006, 18, '2018-01-05', '2018-02-04 18:07:26', 'Juan Josè Puac', 0, 'Quetzaltenango', 25.00, 'VIGENTE', 'César Churunel'),
(9007, 18, '2018-01-06', '2018-02-04 18:08:06', 'Axel Montufar', 0, 'Ciudad', 25.00, 'VIGENTE', 'César Churunel'),
(9008, 18, '2018-01-06', '2018-02-04 18:09:19', 'S.T.P', 0, 'Ciudad', 100.00, 'VIGENTE', 'César Churunel'),
(9009, 18, '2018-01-06', '2018-02-04 18:10:06', 'Denis Anleu', 73567531, 'Ciudad', 25.00, 'VIGENTE', 'César Churunel'),
(9010, 18, '2018-01-07', '2018-02-04 18:10:44', 'Estela Rosales', 0, 'Ciudad', 25.00, 'VIGENTE', 'César Churunel'),
(9011, 18, '2018-01-07', '2018-02-04 18:11:41', 'Maya Sky', 70610258, 'Guatemala, C.A.', 20.00, 'VIGENTE', 'César Churunel'),
(9012, 18, '2018-01-07', '2018-02-04 18:12:33', 'Transportes Turisticos Alfa', 7818882, 'Ciudad', 30.00, 'VIGENTE', 'César Churunel'),
(9013, 18, '2018-01-07', '2018-02-04 18:13:16', 'P733 DYL', 0, 'Panajachel', 25.00, 'VIGENTE', 'César Churunel'),
(9014, 18, '2018-01-08', '2018-02-04 18:14:01', 'Erick Diaz', 0, 'Ciudad', 25.00, 'VIGENTE', 'César Churunel'),
(9015, 18, '2018-01-08', '2018-02-04 18:14:48', 'Alejandro Nicol', 3600378, 'Ciudad', 25.00, 'VIGENTE', 'César Churunel'),
(9016, 23, '2018-01-08', '2018-02-04 18:15:45', 'xxxxx', 0, 'xxxxx', 0.00, 'VIGENTE', 'César Churunel'),
(9017, 23, '2018-01-08', '2018-02-04 18:16:13', 'xxxxx', 0, 'xxxxx', 0.00, 'VIGENTE', 'César Churunel'),
(9018, 18, '2018-01-08', '2018-02-04 18:17:26', 'Transportes y Servicios Maya , S.A.', 322636, 'via 3 6-69 zona 4, guatemala', 40.00, 'VIGENTE', 'César Churunel'),
(9019, 21, '2018-01-09', '2018-02-04 18:18:08', 'Francisca Mejia', 0, 'Panajachel', 100.00, 'VIGENTE', 'César Churunel'),
(9020, 21, '2018-01-09', '2018-02-04 18:18:52', 'Juana Mejia', 0, 'Panajachel', 100.00, 'VIGENTE', 'César Churunel'),
(9021, 21, '2018-01-10', '2018-02-04 18:19:43', 'Roberto Guarcas', 0, 'Panajachel', 100.00, 'VIGENTE', 'César Churunel'),
(9022, 21, '2018-01-10', '2018-02-04 18:20:25', 'Diego Larios', 0, 'Panajachel', 50.00, 'VIGENTE', 'César Churunel'),
(9023, 21, '2018-01-10', '2018-02-04 18:21:09', 'Jesus Yaxon Tuiz', 0, 'Panajachel', 100.00, 'VIGENTE', 'César Churunel'),
(9024, 21, '2018-01-10', '2018-02-04 18:21:49', 'Micaela Cortes', 0, 'Panajachel', 50.00, 'VIGENTE', 'César Churunel'),
(9025, 21, '2018-01-10', '2018-02-04 18:22:33', 'Rigoberto Exchop', 0, 'Panajachel', 100.00, 'VIGENTE', 'César Churunel'),
(9026, 21, '2018-01-10', '2018-02-04 18:23:24', 'Rigoberto Ixchop', 0, 'Panajachel', 500.00, 'VIGENTE', 'César Churunel'),
(9027, 21, '2018-01-10', '2018-02-04 18:24:15', 'Sebastian Xiloj Zuy', 0, 'Panajachel', 50.00, 'VIGENTE', 'César Churunel'),
(9028, 21, '2018-01-10', '2018-02-04 18:25:04', 'Gladis Izabel Tol Tecun', 0, 'Panajachel', 50.00, 'VIGENTE', 'César Churunel'),
(9029, 21, '2018-01-10', '2018-02-04 18:25:46', 'Francisco Cortez', 0, 'Panajachel', 250.00, 'VIGENTE', 'César Churunel'),
(9030, 21, '2018-01-10', '2018-02-04 18:26:25', 'David Mijangos', 0, 'Panajachel', 100.00, 'VIGENTE', 'César Churunel'),
(9031, 19, '2018-01-10', '2018-02-04 18:27:08', 'Flor del Paisaje', 0, 'Panajachel', 400.00, 'VIGENTE', 'César Churunel'),
(9032, 18, '2018-01-10', '2018-02-04 18:27:56', 'Industria y Desarrollo Turistico, S.A.', 325813, 'Ciudad', 30.00, 'VIGENTE', 'César Churunel'),
(9033, 23, '2018-01-10', '2018-02-04 18:28:48', 'xxxxx', 0, 'xxxxx', 0.00, 'VIGENTE', 'César Churunel'),
(9034, 18, '2018-01-10', '2018-02-04 18:29:30', 'Evelina Comas', 3035123, 'Ciudad', 25.00, 'VIGENTE', 'César Churunel'),
(9035, 18, '2018-01-10', '2018-02-04 18:30:19', 'Juan Josè Puac', 43990444, 'Quetzaltenango', 25.00, 'VIGENTE', 'César Churunel'),
(9036, 18, '2018-01-11', '2018-02-04 18:31:47', 'Sergio Hernandez', 0, 'Col. villa aleanegel c.n. 17 zona 2, guatemala', 50.00, 'VIGENTE', 'César Churunel'),
(9037, 21, '2018-01-12', '2018-02-04 18:32:28', 'Rosa Matilde Mactzul', 0, 'Patzun', 50.00, 'VIGENTE', 'César Churunel'),
(9038, 18, '2018-01-12', '2018-02-04 18:33:12', 'Walter Anleu', 0, 'Quetzaltenango', 50.00, 'VIGENTE', 'César Churunel'),
(9039, 18, '2018-01-12', '2018-02-04 18:33:52', 'Rodrigo Blanco', 0, 'Ciudad', 75.00, 'VIGENTE', 'César Churunel'),
(9040, 18, '2018-01-13', '2018-02-04 18:36:11', 'Industria y desarrollo turistico, S.A.', 325813, 'Ciudad', 25.00, 'VIGENTE', 'César Churunel'),
(9041, 18, '2018-01-13', '2018-02-04 18:36:50', 'Walter Anleu', 0, 'Quetzaltenango', 25.00, 'VIGENTE', 'César Churunel'),
(9042, 18, '2018-01-13', '2018-02-04 18:38:18', 'Lineas turisticas guatemaltecas, S.A.', 599635, '15 calle 10-40 zona 1', 30.00, 'VIGENTE', 'César Churunel'),
(9043, 18, '2018-01-14', '2018-02-04 18:39:00', 'Jose Juan Loch', 0, 'Patzicia', 50.00, 'VIGENTE', 'César Churunel'),
(9044, 15, '2018-01-14', '2018-02-04 18:39:36', 'anònimo', 0, 'panajachel', 100.00, 'VIGENTE', 'César Churunel'),
(9045, 15, '2018-01-14', '2018-02-04 18:40:19', 'Jaime de Leòn', 0, 'Quetzaltenango', 50.00, 'VIGENTE', 'César Churunel'),
(9046, 18, '2018-01-15', '2018-02-04 18:41:16', 'Servicios turisticos profesionales, S.A.', 6694969, 'ciudad', 25.00, 'VIGENTE', 'César Churunel'),
(9047, 18, '2018-01-15', '2018-02-04 18:42:09', 'autvias, s.a.', 39015157, 'Ciudad', 25.00, 'VIGENTE', 'César Churunel'),
(9048, 21, '2018-01-16', '2018-02-04 18:42:58', 'Doña Cristobalina', 0, 'Patzun', 50.00, 'VIGENTE', 'César Churunel'),
(9049, 18, '2018-01-16', '2018-02-04 18:45:04', 'Evelina comas', 3035123, 'ciudad', 25.00, 'VIGENTE', 'César Churunel'),
(9050, 18, '2018-01-17', '2018-02-04 18:46:23', 'Byron gutierrez', 0, 'Antigua Guatemala', 30.00, 'VIGENTE', 'César Churunel'),
(9051, 19, '2018-01-18', '2018-02-04 18:47:21', 'Juan Julajuj Vicente', 0, 'Panajachel', 150.00, 'VIGENTE', 'César Churunel'),
(9052, 18, '2018-01-18', '2018-02-04 18:48:09', 'Naturaceites, S.A.', 4607392, 'Ciudad', 50.00, 'VIGENTE', 'César Churunel'),
(9053, 18, '2018-01-19', '2018-02-04 18:49:00', 'Carlos Arturo Martin', 22220739, 'Sololà', 25.00, 'VIGENTE', 'César Churunel'),
(9054, 18, '2018-01-19', '2018-02-04 18:49:40', 'Luis de Leòn', 0, 'Panajachel', 20.00, 'VIGENTE', 'César Churunel'),
(9055, 19, '2018-01-20', '2018-02-04 18:50:20', 'Luna de Oro', 0, 'Panajachel', 1500.00, 'VIGENTE', 'César Churunel'),
(9056, 19, '2018-01-20', '2018-02-04 18:50:56', 'Ramon Yoc', 0, 'Panajachel', 150.00, 'VIGENTE', 'César Churunel'),
(9057, 18, '2018-01-20', '2018-02-04 18:51:44', 'Estuardo Cordova', 0, 'Panajachel', 25.00, 'VIGENTE', 'César Churunel'),
(9058, 18, '2018-01-21', '2018-02-04 18:52:24', 'Servicios turisticos profesionales', 6694969, 'ciudad', 100.00, 'VIGENTE', 'César Churunel'),
(9059, 18, '2018-01-21', '2018-02-04 18:52:59', 'Miguel Arango', 0, 'ciudad', 25.00, 'VIGENTE', 'César Churunel'),
(9060, 18, '2018-01-22', '2018-02-04 18:53:52', 'Mayor servicios , s.a.', 5671868, 'Amatitlan , guatemala', 40.00, 'VIGENTE', 'César Churunel'),
(9061, 18, '2018-02-23', '2018-02-04 18:54:36', 'Alejandro Santizo', 0, 'Ciudad', 25.00, 'VIGENTE', 'César Churunel'),
(9062, 19, '2018-01-24', '2018-02-04 18:55:19', 'Rosalio Ajcet', 0, 'Panajachel', 150.00, 'VIGENTE', 'César Churunel'),
(9063, 18, '2018-01-24', '2018-02-04 18:56:02', 'Neys viajes y turismo', 3712478, 'ciudad', 25.00, 'VIGENTE', 'César Churunel'),
(9064, 18, '2018-01-25', '2018-02-04 18:56:47', 'Mayatlan, S.A.', 54028353, 'Ciudad', 30.00, 'VIGENTE', 'César Churunel'),
(9065, 18, '2018-01-25', '2018-02-04 18:57:29', 'Celco de guatemala', 1118951, 'ciudad', 30.00, 'VIGENTE', 'César Churunel'),
(9066, 18, '2018-01-25', '2018-02-04 18:58:25', 'servicios turisticos profesionales', 6694969, 'ciudad', 40.00, 'VIGENTE', 'César Churunel'),
(9067, 18, '2018-01-26', '2018-02-04 18:59:10', 'servicios turisticos profesionales', 6694969, 'ciudad', 40.00, 'VIGENTE', 'César Churunel'),
(9068, 18, '2018-01-27', '2018-02-04 18:59:59', 'Asael Illu', 20274343, 'ciudad', 25.00, 'VIGENTE', 'César Churunel'),
(9069, 18, '2018-01-27', '2018-02-04 19:00:43', 'Josè Urizar', 0, 'ciudad', 75.00, 'VIGENTE', 'César Churunel'),
(9070, 18, '2018-02-02', '2018-02-04 19:01:38', 'Sonia Gutierrez', 0, 'San Josè Chacaya', 50.00, 'VIGENTE', 'César Churunel'),
(9071, 19, '2018-02-02', '2018-02-04 19:02:39', 'Julio Cèsar Garcia', 0, 'San Andres Semetabaj', 100.00, 'VIGENTE', 'César Churunel'),
(9072, 18, '2018-02-02', '2018-02-04 19:03:26', 'servicios turisticos profesionales', 6694969, 'ciudad', 40.00, 'VIGENTE', 'César Churunel'),
(9073, 18, '2018-02-03', '2018-02-04 19:04:03', 'Pedro Toledo', 0, 'ciudad', 50.00, 'VIGENTE', 'César Churunel'),
(9074, 23, '2018-02-03', '2018-02-04 19:04:46', 'xxxxx', 0, 'xxxxx', 0.00, 'VIGENTE', 'César Churunel'),
(9075, 19, '2018-02-03', '2018-02-04 19:05:32', 'Distribuidora Los Altos', 3644421, 'Ciudad', 400.00, 'VIGENTE', 'César Churunel'),
(9076, 18, '2018-02-03', '2018-02-04 19:06:04', 'parqueo', 0, 'ciudad', 25.00, 'VIGENTE', 'César Churunel'),
(9077, 18, '2018-02-03', '2018-02-04 19:06:34', 'carro gris', 0, 'ciudad', 25.00, 'VIGENTE', 'César Churunel'),
(9078, 18, '2018-02-04', '2018-02-04 19:07:14', 'Neys viajes y turismo', 3712478, 'ciudad', 25.00, 'VIGENTE', 'César Churunel'),
(9079, 18, '2018-02-04', '2018-02-04 19:08:08', 'fukuoka', 70610258, 'ciudad', 25.00, 'VIGENTE', 'César Churunel'),
(9080, 19, '2018-02-05', '2018-03-02 21:22:20', 'Asociación Payasos', 44829043, 'Quetzaltenango', 100.00, 'VIGENTE', 'César Churunel'),
(9081, 18, '2018-02-05', '2018-03-02 21:23:16', 'Industria y desarrollo turistico', 325813, 'Ciudad', 30.00, 'VIGENTE', 'César Churunel'),
(9082, 21, '2018-02-06', '2018-03-02 21:24:17', 'Rosa Matilde Mactzul', 0, 'Patzun', 50.00, 'VIGENTE', 'César Churunel'),
(9083, 21, '2018-02-06', '2018-03-02 21:25:05', 'Isabel Chicol', 0, 'Patzun', 100.00, 'VIGENTE', 'César Churunel'),
(9084, 21, '2018-02-06', '2018-03-02 21:25:54', 'Elena Batz', 0, 'Patzun', 100.00, 'VIGENTE', 'César Churunel'),
(9085, 21, '2018-02-06', '2018-03-02 21:26:39', 'Juana Ajcalon', 0, 'Patzun', 100.00, 'VIGENTE', 'César Churunel'),
(9086, 21, '2018-02-06', '2018-03-02 21:27:31', 'Josefa Toc', 0, 'San Juan La Laguna', 60.00, 'VIGENTE', 'César Churunel'),
(9087, 21, '2018-02-06', '2018-03-02 21:28:24', 'Ana Mercedes Chumil', 0, 'Santa Catarina Palopo', 200.00, 'VIGENTE', 'César Churunel'),
(9088, 21, '2018-02-06', '2018-03-02 21:29:10', 'Tomasa Calgua', 0, 'Chichicastenango', 175.00, 'VIGENTE', 'César Churunel'),
(9089, 21, '2018-02-06', '2018-03-02 21:30:07', 'Magdalena Macario', 0, 'Chichicastenango', 100.00, 'VIGENTE', 'César Churunel'),
(9090, 21, '2018-02-06', '2018-03-02 21:31:24', 'Luis Enrique Muchan', 0, 'Chichicastenango', 100.00, 'VIGENTE', 'César Churunel'),
(9091, 21, '2018-02-06', '2018-03-02 21:32:12', 'Maria Pol', 0, 'Chichicastenango', 175.00, 'VIGENTE', 'César Churunel'),
(9092, 19, '2018-02-06', '2018-03-02 21:33:16', 'Sergio Barreno Ralda', 0, 'Playa Publica santa Cruz  la Laguna', 900.00, 'VIGENTE', 'César Churunel'),
(9093, 21, '2018-02-06', '2018-03-02 21:34:35', 'Cristobalina Sipac', 0, 'Patzun', 50.00, 'VIGENTE', 'César Churunel'),
(9094, 21, '2018-02-06', '2018-03-02 21:35:41', 'Antonieta Ticaxoy', 0, 'Santiago Atitlan', 30.00, 'VIGENTE', 'César Churunel'),
(9095, 18, '2018-02-06', '2018-03-02 21:36:36', 'Mayatlan', 54028353, 'Ciudad', 25.00, 'VIGENTE', 'César Churunel'),
(9096, 19, '2018-02-07', '2018-03-02 21:38:33', 'Turismo HP. S.A.', 53450825, 'Ciudad', 75.00, 'VIGENTE', 'César Churunel'),
(9097, 19, '2018-02-07', '2018-03-02 21:39:37', 'Transportes Rebuly', 0, 'Panajachel', 400.00, 'VIGENTE', 'César Churunel'),
(9098, 18, '2018-02-07', '2018-03-02 21:40:26', 'Mayatlan', 54028353, 'Ciudad', 25.00, 'VIGENTE', 'César Churunel'),
(9099, 18, '2018-02-08', '2018-03-02 21:41:40', 'Unilubsa  S.A.', 87267944, 'Ciudad', 40.00, 'VIGENTE', 'César Churunel'),
(9100, 18, '2018-02-08', '2018-03-02 21:43:02', 'Hector Lòpez', 0, 'Guatemala', 30.00, 'VIGENTE', 'César Churunel'),
(9101, 18, '2018-02-09', '2018-03-02 21:44:10', 'Industria y desarrollo Turistico, S.A.', 325813, 'Ciudad', 50.00, 'VIGENTE', 'César Churunel'),
(9102, 18, '2018-02-09', '2018-03-02 21:45:06', 'Sistragua, S.A.', 5432855, 'Panajachel', 25.00, 'VIGENTE', 'César Churunel'),
(9103, 17, '2018-02-11', '2018-03-02 21:46:27', 'Mirna Recinos', 0, 'Panajachel', 600.00, 'VIGENTE', 'César Churunel'),
(9104, 23, '2018-02-12', '2018-03-02 21:47:20', 'X', 0, 'X', 0.00, 'VIGENTE', 'César Churunel'),
(9105, 23, '2018-02-12', '2018-03-02 21:47:50', 'X', 0, 'X', 0.00, 'VIGENTE', 'César Churunel'),
(9106, 18, '2018-02-12', '2018-03-02 21:48:53', 'Mayor Servicios , S.A.', 5671868, 'Amatitlan Guatemala', 25.00, 'VIGENTE', 'César Churunel'),
(9107, 18, '2018-02-13', '2018-03-02 21:49:42', 'Jose Tum Ruiz', 0, 'Panajachel', 25.00, 'VIGENTE', 'César Churunel'),
(9108, 18, '2018-02-15', '2018-03-02 21:50:50', 'Olmeca, S.A.', 214558, 'Salcaja', 20.00, 'VIGENTE', 'César Churunel'),
(9109, 18, '2018-02-15', '2018-03-02 21:51:35', 'Contrasa', 4903072, 'Ciudad', 30.00, 'VIGENTE', 'César Churunel'),
(9110, 18, '2018-02-15', '2018-03-02 21:52:21', 'Contrasa', 4903072, 'Ciudad', 30.00, 'VIGENTE', 'César Churunel'),
(9111, 18, '2018-02-15', '2018-03-02 21:53:37', 'Naturaceites, S.A.', 4607392, 'Ciudad', 50.00, 'VIGENTE', 'César Churunel'),
(9112, 21, '2018-02-16', '2018-03-02 21:54:32', 'Maria Pol', 0, 'Panajachel', 150.00, 'VIGENTE', 'César Churunel'),
(9113, 18, '2018-02-16', '2018-03-02 21:55:51', 'Juan Josè  Marroquin', 0, 'San Andres Iztapa, chimaltenango', 80.00, 'VIGENTE', 'César Churunel'),
(9114, 18, '2018-02-16', '2018-03-02 21:56:52', 'Arsans, S.A.', 7939035, 'Ciudad', 100.00, 'VIGENTE', 'César Churunel'),
(9115, 18, '2018-02-16', '2018-03-02 21:57:41', 'Carlos Arturo Martin', 22220739, 'Ciudad', 25.00, 'VIGENTE', 'César Churunel'),
(9116, 18, '2018-02-16', '2018-03-02 21:58:31', 'Romeo Solorzano', 77667050, 'Ciudad', 50.00, 'VIGENTE', 'César Churunel'),
(9117, 18, '2018-02-16', '2018-03-02 21:59:27', 'Pedro Camaja', 3774686, 'Panajachel', 25.00, 'VIGENTE', 'César Churunel'),
(9118, 18, '2018-02-17', '2018-03-02 22:00:15', 'Estefania Velasco', 0, 'Ciudad', 50.00, 'VIGENTE', 'César Churunel'),
(9119, 23, '2018-02-18', '2018-03-02 22:00:51', 'x', 0, 'x', 0.00, 'VIGENTE', 'César Churunel'),
(9120, 15, '2018-02-18', '2018-03-02 22:01:55', 'Cristina  Herrera', 0, 'Panajachel', 200.00, 'VIGENTE', 'César Churunel'),
(9121, 18, '2018-02-18', '2018-03-02 22:03:05', 'Fukuoka', 70610258, 'Ciudad', 25.00, 'VIGENTE', 'César Churunel'),
(9122, 18, '2018-02-19', '2018-03-02 22:05:55', 'Melisa Bravo', 0, 'Panajachel', 50.00, 'VIGENTE', 'César Churunel'),
(9123, 21, '2018-02-20', '2018-03-02 22:06:42', 'Francisca Mejia', 0, 'Panajachel', 100.00, 'VIGENTE', 'César Churunel'),
(9124, 21, '2018-02-20', '2018-03-02 22:07:23', 'Juana Mejia', 0, 'Panajachel', 100.00, 'VIGENTE', 'César Churunel'),
(9125, 21, '2018-02-20', '2018-03-02 22:08:15', 'Maria Isabel Gonzalez', 0, 'Panajachel', 200.00, 'VIGENTE', 'César Churunel'),
(9126, 19, '2018-02-20', '2018-03-02 22:08:56', 'Juan Julajuj Vicente', 0, 'Panajachel', 150.00, 'VIGENTE', 'César Churunel'),
(9127, 15, '2018-02-20', '2018-03-02 22:09:38', 'Ministerio Nuevo Pacto', 0, 'Panajachel', 500.00, 'VIGENTE', 'César Churunel'),
(9128, 23, '2018-02-21', '2018-03-02 22:10:11', 'x', 0, 'x', 0.00, 'VIGENTE', 'César Churunel'),
(9129, 18, '2018-02-21', '2018-03-02 22:11:06', 'Neys Viajes y Turismo', 3712478, 'ciudad', 25.00, 'VIGENTE', 'César Churunel'),
(9130, 19, '2018-02-22', '2018-03-02 22:12:01', 'Flor del paisaje', 0, 'Panajachel', 200.00, 'VIGENTE', 'César Churunel'),
(9131, 15, '2018-02-22', '2018-03-02 22:13:11', 'Mayor servicios, S.A.', 5671868, 'Amatitlan Guatemala', 50.00, 'VIGENTE', 'César Churunel'),
(9132, 18, '2018-02-23', '2018-03-02 22:14:00', 'Servicios turisticos Profesionales', 6694969, 'Ciudad', 40.00, 'VIGENTE', 'César Churunel'),
(9133, 16, '2018-02-23', '2018-03-02 22:14:46', 'Juan Diaz Muñoz', 0, 'Panajachel', 540.00, 'VIGENTE', 'César Churunel'),
(9134, 18, '2018-02-23', '2018-03-02 22:15:28', 'Pedro Saloj', 0, 'Sololà', 10.00, 'VIGENTE', 'César Churunel'),
(9135, 18, '2018-02-23', '2018-03-02 22:16:17', 'Dos carros Parqueo', 0, 'Ciudad', 50.00, 'VIGENTE', 'César Churunel'),
(9136, 23, '2018-02-24', '2018-03-02 22:16:48', 'x', 0, 'x', 0.00, 'VIGENTE', 'César Churunel'),
(9137, 18, '2018-02-24', '2018-03-02 22:20:08', 'Carro Negro', 0, 'Panajachel', 25.00, 'VIGENTE', 'César Churunel'),
(9138, 18, '2018-02-25', '2018-03-02 22:20:59', 'Micristi', 24996114, 'Ciudad', 60.00, 'VIGENTE', 'César Churunel'),
(9139, 18, '2018-02-25', '2018-03-02 22:21:48', 'Estuardo Cordova', 19841523, 'Ciudad', 25.00, 'VIGENTE', 'César Churunel'),
(9140, 18, '2018-02-26', '2018-03-02 22:22:49', 'Industria y desarrollo turistico, S.A.', 325813, 'Ciudad', 50.00, 'VIGENTE', 'César Churunel'),
(9141, 18, '2018-02-27', '2018-03-02 22:23:32', 'Carro Cromado', 0, 'Ciudad', 25.00, 'VIGENTE', 'César Churunel'),
(9142, 22, '2018-02-27', '2018-03-02 22:24:18', 'Tony Churunel', 0, 'Panajachel', 600.00, 'VIGENTE', 'César Churunel'),
(9143, 18, '2018-02-27', '2018-03-02 22:25:36', 'Edwin Cosmen', 78766192, 'Panajachel', 20.00, 'VIGENTE', 'César Churunel'),
(9144, 21, '2018-02-28', '2018-03-02 22:30:48', 'Juan Chen Pelico', 0, 'Panajachel', 50.00, 'VIGENTE', 'César Churunel'),
(9145, 21, '2018-02-28', '2018-03-02 22:31:28', 'Micaela Cortes', 0, 'Panajachel', 50.00, 'VIGENTE', 'César Churunel'),
(9146, 21, '2018-02-28', '2018-03-02 22:32:14', 'Sebastiana Xiloj Zuy', 0, 'Panajachel', 100.00, 'VIGENTE', 'César Churunel'),
(9147, 21, '2018-02-28', '2018-03-02 22:33:00', 'Gladys Isabel Tol Tecun', 0, 'Panajachel', 50.00, 'VIGENTE', 'César Churunel'),
(9148, 15, '2018-02-28', '2018-03-02 22:33:59', 'Rafaela Canil Chicoj', 0, 'Panajachel', 100.00, 'VIGENTE', 'César Churunel'),
(9149, 21, '2018-02-28', '2018-03-02 22:34:42', 'Pascuala Perez Sicay', 0, 'Panajachel', 300.00, 'VIGENTE', 'César Churunel'),
(9150, 21, '2018-02-28', '2018-03-02 22:35:22', 'Pascual Iboy', 0, 'Panajachel', 200.00, 'VIGENTE', 'César Churunel'),
(9151, 21, '2018-02-28', '2018-03-02 22:36:07', 'Jesus Yaxon Tuiz', 0, 'Panajachel', 50.00, 'VIGENTE', 'César Churunel'),
(9152, 21, '2018-02-28', '2018-03-02 22:36:59', 'Alberto Bixcul', 0, 'Panajachel', 100.00, 'VIGENTE', 'César Churunel'),
(9153, 21, '2018-02-28', '2018-03-02 22:37:37', 'Leonzo Gonzalez', 0, 'Panajachel', 100.00, 'VIGENTE', 'César Churunel'),
(9154, 21, '2018-02-28', '2018-03-02 22:38:19', 'Juan Santos Yaxon', 0, 'Panajachel', 100.00, 'VIGENTE', 'César Churunel'),
(9155, 15, '2018-02-28', '2018-03-02 22:39:21', 'Quinto Secretarado Liceo Urrutia', 0, 'Panajachel', 50.00, 'VIGENTE', 'César Churunel'),
(9156, 19, '2018-03-01', '2018-03-02 22:41:19', 'Rosalio Ajcet', 0, 'Panajachel', 150.00, 'VIGENTE', 'César Churunel'),
(9157, 18, '2018-03-02', '2018-03-02 22:42:01', 'Universidad Mariano Galvez', 0, 'Panajachel', 10.00, 'VIGENTE', 'César Churunel'),
(9158, 15, '2018-03-02', '2018-03-02 22:42:41', 'Psicologia Clinica', 0, 'Panajachel', 100.50, 'VIGENTE', 'César Churunel'),
(9159, 15, '2018-03-03', '2018-03-10 18:49:58', 'Francis Coguox', 5204348, 'Panajachel', 500.00, 'ANULADO', 'Estefany Herrera'),
(9160, 18, '2018-03-03', '2018-03-10 18:51:59', 'Carlos Letona', 0, 'Panajachel', 25.00, 'VIGENTE', 'Estefany Herrera'),
(9161, 18, '2018-03-03', '2018-03-10 18:53:24', 'Camionta', 0, 'Ciudad', 40.00, 'VIGENTE', 'Estefany Herrera'),
(9162, 18, '2018-03-03', '2018-03-10 18:55:23', 'Industria y Desarrollo Turistico S.A. ', 325813, 'Ciudad', 30.00, 'VIGENTE', 'Estefany Herrera'),
(9163, 15, '2018-03-04', '2018-03-10 18:56:00', 'Omar Barrios', 0, 'Panajachel', 450.00, 'VIGENTE', 'Estefany Herrera'),
(9164, 18, '2018-03-04', '2018-03-10 18:56:50', 'AGCI', 24578908, 'Ciudad', 30.00, 'VIGENTE', 'Estefany Herrera'),
(9165, 18, '2018-03-05', '2018-03-10 18:57:26', 'Francisco Aguilar', 0, 'Ciudad', 50.00, 'VIGENTE', 'Estefany Herrera'),
(9166, 19, '2018-03-06', '2018-03-10 18:58:18', 'Sonia Elizabeth Gutierrez', 0, 'San Jose Chacaya', 50.00, 'VIGENTE', 'Estefany Herrera'),
(9167, 19, '2018-03-06', '2018-03-10 18:58:59', 'Luis Enrique Muchan', 0, 'Panajachel', 100.00, 'VIGENTE', 'Estefany Herrera'),
(9168, 21, '2018-03-06', '2018-03-10 18:59:37', 'Maria Pol', 0, 'Chichicastenango', 175.00, 'VIGENTE', 'Estefany Herrera'),
(9169, 21, '2018-03-06', '2018-03-10 19:00:07', 'Josefa Toc', 0, 'San Juan La Laguna', 60.00, 'VIGENTE', 'Estefany Herrera'),
(9170, 21, '2018-03-06', '2018-03-10 19:00:39', 'Juana Ajcalon', 0, 'Patzun', 100.00, 'VIGENTE', 'Estefany Herrera'),
(9171, 21, '2018-03-06', '2018-03-10 19:01:08', 'Isabel Chicol', 0, 'Patzun', 100.00, 'VIGENTE', 'Estefany Herrera'),
(9173, 21, '2018-03-06', '2018-03-10 19:02:17', 'Tomasa Calgua Mateo', 0, 'Chichicastenango', 175.00, 'VIGENTE', 'Estefany Herrera'),
(9174, 21, '2018-03-06', '2018-03-10 19:03:35', 'Magdalena Macario', 0, 'Chichicastenango', 100.00, 'VIGENTE', 'Estefany Herrera'),
(9175, 22, '2018-03-06', '2018-03-10 19:04:28', 'Manuel Macario', 0, 'Panajachel', 150.00, 'VIGENTE', 'Estefany Herrera'),
(9176, 21, '2018-03-06', '2018-03-10 19:05:59', 'Ana Mercedes Chumil', 0, 'Panajachel', 100.00, 'VIGENTE', 'Estefany Herrera'),
(9177, 15, '2018-03-07', '2018-03-10 19:06:49', 'Juan Julajuj', 0, 'Panajachel', 150.00, 'VIGENTE', 'Estefany Herrera'),
(9178, 22, '2018-03-07', '2018-03-10 19:07:16', 'Osman Churunel', 0, 'Panajachel', 600.00, 'VIGENTE', 'Estefany Herrera'),
(9179, 18, '2018-03-08', '2018-03-10 19:07:58', 'Industria y Desarrollo Turistico S.A.', 325813, 'Ciudad', 30.00, 'VIGENTE', 'Estefany Herrera'),
(9180, 21, '2018-03-09', '2018-03-10 19:08:28', 'Cristobalina Sipac', 0, 'Panajachel', 50.00, 'VIGENTE', 'Estefany Herrera'),
(9181, 21, '2018-03-09', '2018-03-10 19:08:59', 'Maria Elena Batz', 0, 'Panajachel', 100.00, 'VIGENTE', 'Estefany Herrera'),
(9182, 21, '2018-03-09', '2018-03-10 19:09:24', 'Juana Mejia', 0, 'Panajachel', 100.00, 'VIGENTE', 'Estefany Herrera'),
(9183, 21, '2018-03-09', '2018-03-10 19:09:53', 'Francisca Mejia', 0, 'Panajachel', 100.00, 'VIGENTE', 'Estefany Herrera'),
(9184, 21, '2018-03-09', '2018-03-10 19:10:21', 'Antonieta Ticaxoy', 0, 'Panajachel', 30.00, 'VIGENTE', 'Estefany Herrera'),
(9185, 23, '2018-03-09', '2018-05-13 11:53:47', 'xx', 0, 'xx', 0.00, 'VIGENTE', 'César Churunel'),
(9186, 23, '2018-03-09', '2018-05-13 11:54:43', 'xx', 0, 'xx', 0.00, 'VIGENTE', 'César Churunel'),
(9187, 18, '2018-03-09', '2018-05-13 11:56:04', 'Arsans, S.A.', 7939035, 'Ciudad', 80.00, 'VIGENTE', 'César Churunel'),
(9188, 18, '2018-03-09', '2018-05-13 11:56:51', 'Glam', 0, 'Ciudad', 40.00, 'VIGENTE', 'César Churunel'),
(9189, 18, '2018-03-11', '2018-05-13 11:57:38', 'Carro Verde', 0, 'Ciudad', 25.00, 'VIGENTE', 'César Churunel'),
(9190, 15, '2018-03-12', '2018-05-13 11:58:38', 'xxx', 0, 'Panajachel', 100.00, 'VIGENTE', 'César Churunel'),
(9191, 18, '2018-03-13', '2018-05-13 11:59:43', 'Servicios Turísticos Profesionales', 6694969, 'Ciudad', 40.00, 'VIGENTE', 'César Churunel'),
(9192, 15, '2018-03-14', '2018-05-13 12:00:49', 'Asociación Colectivo Vida Digna', 92760724, 'Ciudad', 50.00, 'VIGENTE', 'César Churunel'),
(9193, 18, '2018-03-14', '2018-05-13 12:02:13', 'Transportes y servicios Maya , S.A.', 322636, 'via  3  6-69 Zona 4 guatemala', 50.00, 'VIGENTE', 'César Churunel'),
(9194, 18, '2018-03-15', '2018-05-13 12:05:29', 'Fukuoka, S.A.', 70610258, 'Ciudad', 50.00, 'VIGENTE', 'César Churunel'),
(9195, 18, '2018-03-15', '2018-05-13 12:06:33', 'Marsan', 36066540, 'Ciudad', 80.00, 'VIGENTE', 'César Churunel'),
(9196, 23, '2018-05-15', '2018-05-13 12:07:07', 'xxx', 0, 'xxx', 0.00, 'VIGENTE', 'César Churunel'),
(9197, 23, '2018-03-15', '2018-05-13 12:07:54', 'xxx', 0, 'xxx', 0.00, 'VIGENTE', 'César Churunel'),
(9198, 18, '2018-03-15', '2018-05-13 12:10:14', 'Transporte y Servicio Maya, S.A.', 322636, 'Via 3  6-69 Zona  4 guatemala', 40.00, 'VIGENTE', 'César Churunel'),
(9199, 23, '2018-03-16', '2018-05-13 12:10:48', 'xxx', 0, 'xxx', 0.00, 'VIGENTE', 'César Churunel'),
(9200, 18, '2018-03-16', '2018-05-13 12:11:37', 'Selvin Medina', 0, 'Ciudad', 30.00, 'VIGENTE', 'César Churunel'),
(9201, 18, '2018-03-16', '2018-05-13 12:12:33', 'Distribuidora Alinor', 0, 'Quetzaltenango', 25.00, 'VIGENTE', 'César Churunel'),
(9202, 20, '2018-03-16', '2018-05-13 12:13:28', 'Milagro del Lago', 29059747, 'Panajachel', 450.00, 'VIGENTE', 'César Churunel'),
(9203, 18, '2018-03-16', '2018-05-13 12:14:41', 'Transportes y servicios Maya, S.A.', 322636, 'Via 3  6-69  Zona 4 , guatemala', 40.00, 'VIGENTE', 'César Churunel'),
(9204, 23, '2018-03-16', '2018-05-13 12:15:40', 'xxx', 0, 'xxx', 0.00, 'VIGENTE', 'César Churunel'),
(9205, 18, '2018-03-16', '2018-05-13 12:16:23', 'Josue Aguilar', 0, 'Ciudad', 25.00, 'VIGENTE', 'César Churunel'),
(9206, 18, '2018-03-17', '2018-05-13 12:17:59', 'Julia Aguilar', 0, 'Ciudad', 50.00, 'VIGENTE', 'César Churunel'),
(9207, 18, '2018-03-17', '2018-05-13 12:18:48', 'Branly Martinez', 0, 'Ciudad', 50.00, 'VIGENTE', 'César Churunel'),
(9208, 18, '2018-03-17', '2018-05-13 12:19:35', 'Fredy Tunay Chavez', 0, 'Panajachel', 25.00, 'VIGENTE', 'César Churunel'),
(9209, 18, '2018-03-18', '2018-05-13 12:20:36', 'Fredy Tunay Chavez', 0, 'Panajachel', 25.00, 'VIGENTE', 'César Churunel'),
(9210, 23, '2018-03-19', '2018-05-13 12:21:37', 'xxx', 0, 'xxx', 0.00, 'VIGENTE', 'César Churunel'),
(9211, 23, '2018-03-19', '2018-05-13 12:22:19', 'xxx', 0, 'xxx', 0.00, 'VIGENTE', 'César Churunel'),
(9212, 18, '2018-03-18', '2018-05-13 12:23:18', 'Servicios Turisticos Profesionales', 6694969, 'Ciudad', 25.00, 'VIGENTE', 'César Churunel'),
(9213, 15, '2018-03-19', '2018-05-13 12:24:10', 'Lucas Black, S.A.', 0, 'Guatemala', 2000.00, 'VIGENTE', 'César Churunel'),
(9214, 23, '2018-03-19', '2018-05-13 12:24:38', 'xxx', 0, 'xxx', 0.00, 'VIGENTE', 'César Churunel'),
(9215, 18, '2018-03-19', '2018-05-13 12:25:53', 'Alimentos Ideal, S.A.', 658111, 'Via 3  6-69  Zona 4, Guatemala', 10.00, 'VIGENTE', 'César Churunel'),
(9216, 18, '2018-03-19', '2018-05-13 12:26:36', 'Pick Up  Azul', 0, 'Panajachel', 25.00, 'VIGENTE', 'César Churunel'),
(9217, 18, '2018-03-19', '2018-05-13 12:27:40', 'Servicios Turisticos Profesionales', 6694969, 'Ciudad', 25.00, 'VIGENTE', 'César Churunel'),
(9218, 18, '2018-03-20', '2018-05-13 12:28:36', 'Isais Sicajau', 0, 'Sololà', 25.00, 'VIGENTE', 'César Churunel'),
(9219, 18, '2018-03-21', '2018-05-13 12:32:02', 'Neys Viajes y Turismo', 3712478, 'Panajachel', 25.00, 'VIGENTE', 'César Churunel'),
(9220, 23, '2018-03-14', '2018-05-13 12:32:38', 'xxx', 0, 'xxx', 0.00, 'VIGENTE', 'César Churunel'),
(9221, 20, '2018-03-21', '2018-05-13 12:33:30', 'Hotel Rosita', 0, 'Calle Principal, Panajachel', 500.00, 'VIGENTE', 'César Churunel'),
(9222, 23, '2018-03-22', '2018-05-13 12:34:02', 'xxx', 0, 'xxx', 0.00, 'VIGENTE', 'César Churunel'),
(9223, 18, '2018-03-22', '2018-05-13 12:35:30', 'Transportes y Servicios Maya ,S.A.', 322636, 'Via 3  6-69  Zona 4 Guatemala', 40.00, 'VIGENTE', 'César Churunel'),
(9224, 22, '2018-03-23', '2018-05-13 12:36:24', 'Tribunal Supremo Electoral', 4491882, 'Panajachel', 450.00, 'VIGENTE', 'César Churunel'),
(9225, 18, '2018-03-23', '2018-05-13 12:37:05', 'Microbus', 0, 'Panajachel', 10.00, 'VIGENTE', 'César Churunel'),
(9226, 21, '2018-03-23', '2018-05-13 12:37:58', 'Antonieta Ticaxoy', 0, 'Panajachel', 30.00, 'VIGENTE', 'César Churunel'),
(9227, 20, '2018-03-23', '2018-05-13 12:38:43', 'Casa Victoria', 0, 'Panajachel', 500.00, 'VIGENTE', 'César Churunel'),
(9228, 18, '2018-03-24', '2018-05-13 12:39:28', 'Josè Ola', 0, 'Panajachel', 25.00, 'VIGENTE', 'César Churunel'),
(9229, 18, '2018-03-24', '2018-05-13 12:40:36', 'Adalberto Lòpez', 0, 'Ciudad', 25.00, 'VIGENTE', 'César Churunel'),
(9230, 18, '2018-03-24', '2018-05-13 12:41:34', 'Otto Marroquin', 31583426, 'Ciudad', 90.00, 'VIGENTE', 'César Churunel'),
(9231, 20, '2018-03-24', '2018-05-13 12:42:26', 'Casa Plancon', 0, 'Panajachel', 500.00, 'VIGENTE', 'César Churunel'),
(9232, 20, '2018-03-24', '2018-05-13 12:43:27', 'Hotel Maya Palace', 4432703, 'Panajachel', 500.00, 'VIGENTE', 'César Churunel'),
(9233, 18, '2018-03-25', '2018-05-13 12:44:12', 'Kevin Barrios', 0, 'Ciudad', 100.00, 'VIGENTE', 'César Churunel'),
(9234, 15, '2018-03-25', '2018-05-13 12:45:18', 'Bayan Cheley', 68150652, 'Ciudad', 75.00, 'VIGENTE', 'César Churunel'),
(9235, 19, '2018-03-25', '2018-05-13 12:46:04', 'Flor del Paisaje', 200, 'Panajachel', 200.00, 'VIGENTE', 'César Churunel'),
(9236, 20, '2018-03-25', '2018-05-13 12:46:48', 'Viaje de Agua', 0, 'Panajachel', 500.00, 'VIGENTE', 'César Churunel'),
(9237, 18, '2018-03-25', '2018-05-13 12:47:37', 'Enguel Fuentes', 12659371, 'Ciudad', 20.00, 'VIGENTE', 'César Churunel'),
(9238, 21, '2018-03-25', '2018-05-13 12:49:17', 'Jeremias Meoño', 0, 'Ciudad', 150.00, 'VIGENTE', 'César Churunel'),
(9239, 24, '2018-03-25', '2018-05-13 12:50:32', 'Tribunal Supremo Electoral', 4491882, '6a  Av. 0-32 Zona2 , Guatemala', 450.00, 'VIGENTE', 'César Churunel'),
(9240, 18, '2018-03-25', '2018-05-13 12:51:17', 'Camion', 0, 'Panajachel', 10.00, 'VIGENTE', 'César Churunel'),
(9241, 18, '2018-03-27', '2018-05-13 12:52:02', 'Pedro Garcia', 0, 'Panajachel', 60.00, 'VIGENTE', 'César Churunel'),
(9242, 20, '2018-03-27', '2018-05-13 12:59:02', 'Marta de Chay, La Zanahoria chic', 0, 'Panajachel', 1000.00, 'VIGENTE', 'César Churunel'),
(9243, 20, '2018-03-27', '2018-05-13 12:59:58', 'Mundo Lindo, S.A.', 697181, 'Panajachel', 500.00, 'VIGENTE', 'César Churunel'),
(9244, 18, '2018-03-27', '2018-05-13 13:00:44', 'Carro Azul', 0, 'Guatemala', 25.00, 'VIGENTE', 'César Churunel'),
(9245, 18, '2018-03-28', '2018-05-13 13:01:37', 'Mayatlan, S.A.', 54020353, 'Ciudad', 30.00, 'VIGENTE', 'César Churunel'),
(9246, 20, '2018-03-28', '2018-05-13 13:02:19', 'Utz Jay', 0, 'Panajachel', 500.00, 'VIGENTE', 'César Churunel'),
(9248, 18, '2018-03-28', '2018-05-31 19:12:50', 'Rolando Schweiker', 826391, 'Mixco Guatemala', 120.00, 'VIGENTE', 'César Churunel'),
(9249, 23, '2018-03-28', '2018-05-31 19:13:40', 'xxx', 0, 'xxx', 0.00, 'VIGENTE', 'César Churunel'),
(9250, 20, '2018-03-28', '2018-05-31 19:15:11', 'AMR Producciones', 85949019, 'Guatemala', 500.00, 'VIGENTE', 'César Churunel'),
(9251, 20, '2018-03-28', '2018-05-31 19:16:08', 'Alejandro Joj', 0, 'Panajachel', 500.00, 'VIGENTE', 'César Churunel'),
(9252, 20, '2018-03-28', '2018-05-31 19:16:59', 'Hotel Colonial', 0, 'Panajachel', 500.00, 'VIGENTE', 'César Churunel'),
(9253, 23, '2018-03-28', '2018-05-31 19:17:32', 'xxx', 0, 'xxx', 0.00, 'VIGENTE', 'César Churunel'),
(9254, 18, '2018-03-28', '2018-05-31 19:18:33', 'Enrique Rodriguez', 0, 'Panajachel', 100.00, 'VIGENTE', 'César Churunel'),
(9255, 18, '2018-03-28', '2018-05-31 19:19:25', 'Mucun', 0, 'Panajachel', 30.00, 'VIGENTE', 'César Churunel'),
(9256, 18, '2018-03-29', '2018-05-31 19:20:22', 'Ebelina Macoma', 0, 'Ciudad', 60.00, 'VIGENTE', 'César Churunel'),
(9257, 18, '2018-03-29', '2018-05-31 19:21:47', 'Gerson Francisco', 0, 'Ciudad', 360.00, 'VIGENTE', 'César Churunel'),
(9258, 18, '2018-03-29', '2018-05-31 19:23:01', 'Mayatlan, S.A.', 5402035, 'cIUDAD', 20.00, 'VIGENTE', 'César Churunel'),
(9259, 23, '2018-03-29', '2018-05-31 19:23:41', 'XXX', 0, 'XXX', 0.00, 'VIGENTE', 'César Churunel'),
(9260, 20, '2018-03-29', '2018-05-31 19:24:46', 'Patricio Gonzalez', 0, 'Panajachel', 500.00, 'VIGENTE', 'César Churunel'),
(9261, 18, '2018-03-29', '2018-05-31 19:25:30', 'Laura Tello', 0, 'Ciudad', 60.00, 'VIGENTE', 'César Churunel'),
(9262, 18, '2018-03-29', '2018-05-31 19:26:46', 'Misael Velasquez', 4076144, 'Ciudad', 120.00, 'VIGENTE', 'César Churunel'),
(9263, 23, '2018-03-29', '2018-05-31 19:27:21', 'xxx', 0, 'xxx', 0.00, 'VIGENTE', 'César Churunel'),
(9264, 18, '2018-03-29', '2018-05-31 19:28:22', 'Antonio Curup', 7832974, 'Ciudad', 120.00, 'VIGENTE', 'César Churunel'),
(9265, 18, '2018-03-29', '2018-05-31 19:29:13', 'Julio Herrera', 0, 'Ciudad', 60.00, 'VIGENTE', 'César Churunel'),
(9266, 18, '2018-03-29', '2018-05-31 19:30:15', 'Isaac Aguirre', 73335053, 'Ciudad', 120.00, 'VIGENTE', 'César Churunel'),
(9267, 18, '2018-03-29', '2018-05-31 19:31:08', 'Roberto Samayoa', 19625371, 'Ciudad', 90.00, 'VIGENTE', 'César Churunel'),
(9268, 18, '2018-03-29', '2018-05-31 19:31:54', 'Josè Juan Ucles', 0, 'Ciudad', 90.00, 'VIGENTE', 'César Churunel'),
(9269, 18, '2018-03-29', '2018-05-31 19:32:41', 'Rigoberto Valdes', 0, 'Ciudad', 35.00, 'VIGENTE', 'César Churunel'),
(9270, 18, '2018-03-29', '2018-05-31 19:33:27', 'Nicolas', 0, 'Ciudad', 30.00, 'VIGENTE', 'César Churunel'),
(9271, 20, '2018-03-29', '2018-05-31 19:34:29', 'Hotel Utz Ragil', 0, 'Panajachel', 500.00, 'VIGENTE', 'César Churunel'),
(9272, 20, '2018-03-29', '2018-05-31 19:35:27', 'Hotel Rancho Grande', 0, 'Panajachel', 500.00, 'VIGENTE', 'César Churunel'),
(9273, 20, '2018-03-30', '2018-05-31 19:36:24', 'Mundo Lindo, S.A.', 697189, 'Ciudad', 500.00, 'VIGENTE', 'César Churunel'),
(9274, 18, '2018-03-30', '2018-05-31 19:37:23', 'Jocelyne Duvernay', 6035795, 'Ciudad', 180.00, 'VIGENTE', 'César Churunel'),
(9275, 20, '2018-03-30', '2018-05-31 19:38:14', 'Utz Jay', 0, 'Panajachel', 500.00, 'VIGENTE', 'César Churunel'),
(9276, 18, '2018-03-30', '2018-05-31 19:38:55', 'Jeremi', 0, 'Ciudad', 120.00, 'VIGENTE', 'César Churunel'),
(9277, 18, '2018-03-30', '2018-05-31 19:39:40', 'Kenya Hernandez', 0, 'Ciudad', 90.00, 'VIGENTE', 'César Churunel'),
(9278, 15, '2018-03-30', '2018-05-31 19:40:38', 'Edgar Canell', 0, 'Ciudad', 350.00, 'VIGENTE', 'César Churunel'),
(9279, 20, '2018-03-31', '2018-05-31 19:41:25', 'Mundo Lindo, S.A.', 0, 'Panajachel', 500.00, 'VIGENTE', 'César Churunel'),
(9280, 23, '2018-03-31', '2018-05-31 19:42:07', 'xxx', 0, 'xxx', 0.00, 'VIGENTE', 'César Churunel'),
(9281, 20, '2018-03-31', '2018-05-31 19:43:23', 'Hotel Rancho Grande Inn, S.A.', 12389625, 'Panajachel', 500.00, 'VIGENTE', 'César Churunel'),
(9282, 23, '2018-03-31', '2018-05-31 19:43:52', 'xxx', 0, 'xxx', 0.00, 'VIGENTE', 'César Churunel'),
(9283, 18, '2018-03-31', '2018-05-31 19:44:53', 'William Chabajay', 0, 'Panajachel', 50.00, 'VIGENTE', 'César Churunel'),
(9284, 18, '2018-03-31', '2018-05-31 19:45:34', 'Joselin Sanchez', 0, 'Panajachel', 25.00, 'VIGENTE', 'César Churunel'),
(9285, 18, '2018-03-31', '2018-05-31 19:46:17', 'xxx', 0, 'Ciudad', 25.00, 'VIGENTE', 'César Churunel'),
(9286, 18, '2018-03-31', '2018-05-31 19:49:34', 'Luis  Chizid', 0, 'Chichicastenango', 30.00, 'VIGENTE', 'César Churunel'),
(9287, 20, '2018-03-31', '2018-05-31 19:50:27', 'Casa Texel', 0, 'Panajachel', 500.00, 'VIGENTE', 'César Churunel'),
(9288, 20, '2018-03-31', '2018-05-31 19:51:22', 'Utz Ragil', 0, 'Panajachel', 500.00, 'VIGENTE', 'César Churunel'),
(9289, 18, '2018-03-31', '2018-05-31 19:52:11', 'Par Parqueo', 0, 'Panajachel', 140.00, 'VIGENTE', 'César Churunel'),
(9290, 15, '2018-03-31', '2018-05-31 19:53:55', 'Liceo Eben Ezer', 0, 'Panajachel', 4682.50, 'VIGENTE', 'César Churunel'),
(9647, 18, '2018-03-28', '2018-05-31 19:11:15', 'Osvaldo Alvarado', 0, 'Ciudad', 150.00, 'VIGENTE', 'César Churunel'),
(6032018, 21, '2018-03-06', '2018-03-10 19:01:41', 'Rosa Matilde Mactzul', 0, 'Patzun', 50.00, 'VIGENTE', 'Estefany Herrera');

-- --------------------------------------------------------

--
-- Estructura de tabla para la tabla `rubro`
--

CREATE TABLE `rubro` (
  `idrubro` int(11) NOT NULL,
  `tipo` varchar(100) COLLATE utf8_spanish2_ci NOT NULL,
  `estado` varchar(12) COLLATE utf8_spanish2_ci NOT NULL
) ENGINE=InnoDB DEFAULT CHARSET=utf8 COLLATE=utf8_spanish2_ci;

--
-- Volcado de datos para la tabla `rubro`
--

INSERT INTO `rubro` (`idrubro`, `tipo`, `estado`) VALUES
(13, 'Parqueo', 'INACTIVO'),
(14, 'Cisterna Agua', 'INACTIVO'),
(15, 'DONACIÓN VOLUNTARIA', 'ACTIVO'),
(16, 'PRÉSTAMO - ABONO', 'ACTIVO'),
(17, 'TRASLADO ', 'ACTIVO'),
(18, 'PARQUEO - NOCHE', 'ACTIVO'),
(19, 'PARQUEO  MES', 'ACTIVO'),
(20, 'CISTERNA DE AGUA', 'ACTIVO'),
(21, 'PISO PLAZA', 'ACTIVO'),
(22, 'ALQUILER LOCAL', 'ACTIVO'),
(23, 'ANULADO', 'ACTIVO'),
(24, 'ALQUILER SALON', 'ACTIVO');

-- --------------------------------------------------------

--
-- Estructura de tabla para la tabla `users`
--

CREATE TABLE `users` (
  `id` int(10) UNSIGNED NOT NULL,
  `name` varchar(255) COLLATE utf8_unicode_ci NOT NULL,
  `email` varchar(255) COLLATE utf8_unicode_ci NOT NULL,
  `password` varchar(255) COLLATE utf8_unicode_ci NOT NULL,
  `estado` varchar(8) CHARACTER SET utf8 COLLATE utf8_spanish2_ci NOT NULL,
  `remember_token` varchar(100) COLLATE utf8_unicode_ci DEFAULT NULL,
  `created_at` timestamp NULL DEFAULT NULL,
  `updated_at` timestamp NULL DEFAULT NULL
) ENGINE=MyISAM DEFAULT CHARSET=utf8 COLLATE=utf8_unicode_ci;

--
-- Volcado de datos para la tabla `users`
--

INSERT INTO `users` (`id`, `name`, `email`, `password`, `estado`, `remember_token`, `created_at`, `updated_at`) VALUES
(1, 'Zedrick Rodríguez', 'inedc4zedrickr@gmail.com', '$2y$10$OL1lz9CUtg2nsLwmH1wW3evra9.eATDno7K4DNCYQsmYu0fRk/cv6', 'INACTIVO', 'OaTpugGmMBiocKXNaevA7brmFO0mKYw8kJGwdm3qHvWRXsR8mIcSRm9D01Yn', '2017-08-06 18:17:23', '2018-05-21 18:29:27'),
(2, 'César Churunel', 'jcesarchurunel@circusbar.com.gt', '$2y$10$q01nXZPILkNETrk6N/qNXuqyrYZcA0Z50iES3.Fz7.ZBFl35b8tby', 'ACTIVO', 'mx3yb7KPqa2zmRJVeCmM7BNnOIH0Bu9npdjJFjw0sb5Yee7MhuBP8YURAV7l', '2017-08-06 21:00:19', '2018-05-31 20:05:57'),
(5, 'Estefany Herrera', 'tefaherrera11@gmail.com', '$2y$10$qTWx0CQ93ubkCNlGI3p.Je10jEJ4oqZ9A1af50fAU6sxZa6Fj5Zjq', 'ACTIVO', 'PUFrEHISYj6h6455wFd28bYISJl6KyqiEIpnSKOxxIFM0rRxzyZG6aknMHun', '2018-03-10 18:41:52', '2018-03-10 19:10:38');

--
-- Índices para tablas volcadas
--

--
-- Indices de la tabla `password_resets`
--
ALTER TABLE `password_resets`
  ADD KEY `password_resets_email_index` (`email`),
  ADD KEY `password_resets_token_index` (`token`);

--
-- Indices de la tabla `recibo`
--
ALTER TABLE `recibo`
  ADD PRIMARY KEY (`idrecibo`),
  ADD KEY `fk_recibo_rubro_idx` (`idrubro`);

--
-- Indices de la tabla `rubro`
--
ALTER TABLE `rubro`
  ADD PRIMARY KEY (`idrubro`);

--
-- Indices de la tabla `users`
--
ALTER TABLE `users`
  ADD PRIMARY KEY (`id`),
  ADD UNIQUE KEY `users_email_unique` (`email`);

--
-- AUTO_INCREMENT de las tablas volcadas
--

--
-- AUTO_INCREMENT de la tabla `rubro`
--
ALTER TABLE `rubro`
  MODIFY `idrubro` int(11) NOT NULL AUTO_INCREMENT, AUTO_INCREMENT=25;

--
-- AUTO_INCREMENT de la tabla `users`
--
ALTER TABLE `users`
  MODIFY `id` int(10) UNSIGNED NOT NULL AUTO_INCREMENT, AUTO_INCREMENT=6;

--
-- Restricciones para tablas volcadas
--

--
-- Filtros para la tabla `recibo`
--
ALTER TABLE `recibo`
  ADD CONSTRAINT `fk_recibo_rubro` FOREIGN KEY (`idrubro`) REFERENCES `rubro` (`idrubro`) ON DELETE NO ACTION ON UPDATE NO ACTION;
COMMIT;

/*!40101 SET CHARACTER_SET_CLIENT=@OLD_CHARACTER_SET_CLIENT */;
/*!40101 SET CHARACTER_SET_RESULTS=@OLD_CHARACTER_SET_RESULTS */;
/*!40101 SET COLLATION_CONNECTION=@OLD_COLLATION_CONNECTION */;
